registro_id,fecha,sede,espera_min,atencion_min,estado,prioridad
TUR041-000001,2024-01-01,S1,4.3,11.8,atendido,ordinaria
TUR041-000002,2024-01-01,S2,5.0,12.0,atendido,ordinaria
TUR041-000003,2024-01-02,S3,26.6,17.4,atendido,preferente
TUR041-000004,2024-01-02,S1,5.1,17.5,atendido,ordinaria
TUR041-000005,2024-01-03,S2,2.3,3.8,atendido,preferente
TUR041-000006,2024-01-04,S3,13.1,13.9,atendido,ordinaria
TUR041-000007,2024-01-04,S1,5.0,8.0,atendido,ordinaria
TUR041-000008,2024-01-05,S2,16.1,10.5,atendido,preferente
TUR041-000009,2024-01-05,S3,18.7,13.9,atendido,ordinaria
TUR041-000010,2024-01-06,S1,6.0,13.5,atendido,preferente
TUR041-000011,2024-01-07,S2,10.8,10.2,atendido,ordinaria
TUR041-000012,2024-01-07,S3,13.1,5.2,atendido,preferente
TUR041-000013,2024-01-08,S1,8.1,15.8,atendido,ordinaria
TUR041-000014,2024-01-08,S2,7.5,12.8,atendido,preferente
TUR041-000015,2024-01-09,S3,23.1,4.6,atendido,ordinaria
TUR041-000016,2024-01-10,S1,4.4,4.4,atendido,ordinaria
TUR041-000017,2024-01-10,S2,11.2,10.0,atendido,ordinaria
TUR041-000018,2024-01-11,S3,9.8,6.0,atendido,ordinaria
TUR041-000019,2024-01-11,S1,9.3,6.6,atendido,preferente
TUR041-000020,2024-01-12,S2,4.8,8.1,atendido,preferente
TUR041-000021,2024-01-13,S3,10.7,10.9,atendido,preferente
TUR041-000022,2024-01-13,S1,16.0,17.0,atendido,ordinaria
TUR041-000023,2024-01-14,S2,2.4,7.1,atendido,ordinaria
TUR041-000024,2024-01-14,S3,14.0,9.0,atendido,ordinaria
TUR041-000025,2024-01-15,S1,5.8,17.4,atendido,ordinaria
TUR041-000026,2024-01-16,S2,0.7,14.0,atendido,preferente
TUR041-000027,2024-01-16,S3,6.2,9.0,atendido,preferente
TUR041-000028,2024-01-17,S1,11.7,6.7,atendido,ordinaria
TUR041-000029,2024-01-17,S2,5.8,3.8,atendido,ordinaria
TUR041-000030,2024-01-18,S3,53.6,12.8,atendido,ordinaria
TUR041-000031,2024-01-19,S1,22.9,10.4,atendido,ordinaria
TUR041-000032,2024-01-19,S2,0.9,7.6,atendido,preferente
TUR041-000033,2024-01-20,S3,8.3,3.3,atendido,preferente
TUR041-000034,2024-01-20,S1,3.6,17.2,atendido,ordinaria
TUR041-000035,2024-01-21,S2,16.2,16.0,atendido,preferente
TUR041-000036,2024-01-22,S3,8.2,6.1,atendido,ordinaria
TUR041-000037,2024-01-22,S1,11.4,5.7,atendido,ordinaria
TUR041-000038,2024-01-23,S2,6.1,8.3,atendido,ordinaria
TUR041-000039,2024-01-23,S3,9.7,14.9,atendido,preferente
TUR041-000040,2024-01-24,S1,2.5,17.0,atendido,ordinaria
TUR041-000041,2024-01-25,S2,19.1,12.2,atendido,ordinaria
TUR041-000042,2024-01-25,S3,8.5,6.2,atendido,ordinaria
TUR041-000043,2024-01-26,S1,7.1,8.9,atendido,preferente
TUR041-000044,2024-01-26,S2,4.9,15.8,atendido,preferente
TUR041-000045,2024-01-27,S3,11.2,15.3,atendido,ordinaria
TUR041-000046,2024-01-28,S1,5.4,8.1,atendido,ordinaria
TUR041-000047,2024-01-28,S2,3.7,8.5,atendido,preferente
TUR041-000048,2024-01-29,S3,10.2,12.3,atendido,ordinaria
TUR041-000049,2024-01-29,S1,1.8,3.3,atendido,preferente
TUR041-000050,2024-01-30,S2,5.9,13.2,atendido,preferente
TUR041-000051,2024-01-31,S3,29.0,6.5,atendido,ordinaria
TUR041-000052,2024-01-31,S1,16.2,6.7,atendido,ordinaria
TUR041-000053,2024-02-01,S2,20.1,6.0,atendido,ordinaria
TUR041-000054,2024-02-02,S3,50.1,15.8,atendido,preferente
TUR041-000055,2024-02-02,S1,3.0,4.9,atendido,ordinaria
TUR041-000056,2024-02-03,S2,5.2,6.4,atendido,preferente
TUR041-000057,2024-02-03,S3,16.3,17.5,atendido,ordinaria
TUR041-000058,2024-02-04,S1,6.4,11.8,atendido,preferente
TUR041-000059,2024-02-05,S2,5.8,4.6,atendido,ordinaria
TUR041-000060,2024-02-05,S3,6.3,3.9,atendido,preferente
TUR041-000061,2024-02-06,S1,2.2,7.8,atendido,preferente
TUR041-000062,2024-02-06,S2,13.2,13.4,atendido,ordinaria
TUR041-000063,2024-02-07,S3,16.8,7.5,atendido,ordinaria
TUR041-000064,2024-02-08,S1,6.7,10.2,atendido,ordinaria
TUR041-000065,2024-02-08,S2,5.8,6.6,atendido,ordinaria
TUR041-000066,2024-02-09,S3,13.5,10.0,atendido,preferente
TUR041-000067,2024-02-09,S1,5.1,15.3,atendido,ordinaria
TUR041-000068,2024-02-10,S2,22.9,14.0,atendido,ordinaria
TUR041-000069,2024-02-11,S3,11.9,4.0,atendido,ordinaria
TUR041-000070,2024-02-11,S1,6.1,16.1,atendido,preferente
TUR041-000071,2024-02-12,S2,2.8,12.1,atendido,ordinaria
TUR041-000072,2024-02-12,S3,11.0,15.0,atendido,preferente
TUR041-000073,2024-02-13,S1,3.2,16.7,atendido,ordinaria
TUR041-000074,2024-02-14,S2,4.5,8.9,atendido,preferente
TUR041-000075,2024-02-14,S3,6.1,8.9,atendido,ordinaria
TUR041-000076,2024-02-15,S1,6.1,7.7,atendido,preferente
TUR041-000077,2024-02-15,S2,2.3,4.2,atendido,ordinaria
TUR041-000078,2024-02-16,S3,11.1,10.7,atendido,preferente
TUR041-000079,2024-02-17,S1,45.3,4.1,atendido,ordinaria
TUR041-000080,2024-02-17,S2,9.6,,abandono,ordinaria
TUR041-000081,2024-02-18,S3,45.6,17.7,atendido,ordinaria
TUR041-000082,2024-02-18,S1,4.5,6.9,atendido,ordinaria
TUR041-000083,2024-02-19,S2,16.6,6.0,atendido,preferente
TUR041-000084,2024-02-20,S3,,3.0,atendido,ordinaria
TUR041-000085,2024-02-20,S1,7.5,15.8,atendido,ordinaria
TUR041-000086,2024-02-21,S2,4.3,,abandono,ordinaria
TUR041-000087,2024-02-21,S3,11.3,,abandono,ordinaria
TUR041-000088,2024-02-22,S1,12.7,,abandono,preferente
TUR041-000089,2024-02-23,S2,23.9,10.9,atendido,ordinaria
TUR041-000090,2024-02-23,S3,6.9,16.7,atendido,ordinaria
TUR041-000091,2024-02-24,S1,10.9,9.0,atendido,ordinaria
TUR041-000092,2024-02-24,S2,22.6,8.4,atendido,ordinaria
TUR041-000093,2024-02-25,S3,15.3,11.9,atendido,ordinaria
TUR041-000094,2024-02-26,S1,2.8,5.7,atendido,preferente
TUR041-000095,2024-02-26,S2,21.9,5.1,atendido,ordinaria
TUR041-000096,2024-02-27,S3,9.4,16.7,atendido,preferente
TUR041-000097,2024-02-27,S1,18.6,4.6,atendido,ordinaria
TUR041-000098,2024-02-28,S2,7.3,14.3, ATENDIDO ,ordinaria
TUR041-000099,2024-02-29,S3,12.8,8.1,atendido,ordinaria
TUR041-000100,2024-02-29,S1,7.0,6.8,atendido,preferente
TUR041-000101,2024-03-01,S2,4.1,13.4,atendido,ordinaria
TUR041-000102,2024-03-02,S3,26.6,14.9,atendido,ordinaria
TUR041-000103,2024-03-02,S1,5.2,3.8,atendido,preferente
TUR041-000104,2024-03-03,S2,19.2,3.9,atendido,preferente
TUR041-000105,2024-03-03,S3,3.8,7.1,atendido,ordinaria
TUR041-000106,2024-03-04,S1,7.2,4.3,atendido,ordinaria
TUR041-000107,2024-03-05,S2,21.5,,abandono,ordinaria
TUR041-000108,2024-03-05,S3,10.1,7.3,atendido,preferente
TUR041-000109,2024-03-06,S1,16.1,10.5,atendido,ordinaria
TUR041-000110,2024-03-06,S2,13.6,6.5,atendido,ordinaria
TUR041-000111,2024-03-07,S3,4.8,8.1,atendido,ordinaria
TUR041-000112,2024-03-08,S1,2.9,17.5,atendido,preferente
TUR041-000113,2024-03-08,S2,14.0,15.8,atendido,ordinaria
TUR041-000114,2024-03-09,S3,46.5,7.3,atendido,ordinaria
TUR041-000115,2024-03-09,S1,13.8,4.3,atendido,preferente
TUR041-000116,2024-03-10,S2,13.5,10.6,atendido,ordinaria
TUR041-000117,2024-03-11,S3,18.4,,abandono,ordinaria
TUR041-000118,2024-03-11,S1,5.2,14.2,atendido,ordinaria
TUR041-000119,2024-03-12,S2,12.5,10.8,atendido,ordinaria
TUR041-000120,2024-03-12,S3,9.2,12.0,atendido,ordinaria
TUR041-000121,2024-03-13,S1,2.9,13.2,atendido,ordinaria
TUR041-000122,2024-03-14,S2,6.1,13.0,atendido,ordinaria
TUR041-000123,2024-03-14,S3,10.7,7.0,atendido,ordinaria
TUR041-000124,2024-03-15,S1,14.4,6.4,atendido,ordinaria
TUR041-000125,2024-03-15,S2,13.1,3.8,atendido,preferente
TUR041-000126,2024-03-16,S3,11.7,,abandono,ordinaria
TUR041-000127,2024-03-17,S1,5.2,6.8,atendido,ordinaria
TUR041-000128,2024-03-17,S2,9.0,9.6,atendido,ordinaria
TUR041-000129,2024-03-18,S3,6.7,16.7,atendido,preferente
TUR041-000130,2024-03-18,S1,11.6,16.3,atendido,ordinaria
TUR041-000131,2024-03-19,S2,32.4,15.9,atendido,preferente
TUR041-000132,2024-03-20,S3,9.5,9.9,atendido,preferente
TUR041-000133,2024-03-20,S1,3.9,7.6,atendido,ordinaria
TUR041-000134,2024-03-21,S2,6.9,6.8,atendido,ordinaria
TUR041-000135,2024-03-21,S3,26.0,14.6,atendido,ordinaria
TUR041-000136,2024-03-22,S1,6.4,9.2,atendido,ordinaria
TUR041-000137,2024-03-23,S2,6.4,16.5,atendido,ordinaria
TUR041-000138,2024-03-23,S3,18.1,6.6,atendido,ordinaria
TUR041-000139,2024-03-24,S1,11.8,,abandono,ordinaria
TUR041-000140,2024-03-24,S2,13.8,12.3,atendido,ordinaria
TUR041-000141,2024-03-25,S3,28.1,9.5,atendido,preferente
TUR041-000142,2024-03-26,S1,1.5,7.6,atendido,ordinaria
TUR041-000143,2024-03-26,S2,5.3,7.5,atendido,ordinaria
TUR041-000144,2024-03-27,S3,5.3,15.8,atendido,preferente
TUR041-000145,2024-03-27,S1,15.2,7.7,atendido,preferente
TUR041-000146,2024-03-28,S2,17.2,,abandono,ordinaria
TUR041-000147,2024-03-29,S3,9.0,3.3,atendido,ordinaria
TUR041-000148,2024-03-29,S1,3.1,17.5,atendido,ordinaria
TUR041-000149,2024-03-30,S2,7.9,3.1,atendido,ordinaria
TUR041-000150,2024-03-31,S3,3.9,8.2,atendido,ordinaria
TUR041-000151,2024-03-31,S1,8.2,,abandono,ordinaria
TUR041-000152,2024-04-01,S2,17.8,15.4,atendido,ordinaria
TUR041-000153,2024-04-01,S3,5.6,5.4,atendido,ordinaria
TUR041-000154,2024-04-02,S1,16.6,10.4,atendido,ordinaria
TUR041-000155,2024-04-03,S2,12.1,12.4,atendido,ordinaria
TUR041-000156,2024-04-03,S3,25.8,8.8,atendido,ordinaria
TUR041-000157,2024-04-04,S1,9.3,9.8,atendido,ordinaria
TUR041-000158,2024-04-04,S2,10.0,7.5,atendido,ordinaria
TUR041-000159,2024-04-05,S3,12.7,9.1,atendido,ordinaria
TUR041-000160,2024-04-06,S1,4.7,13.4,atendido,ordinaria
TUR041-000161,2024-04-06,S2,10.6,10.4,atendido,ordinaria
TUR041-000162,2024-04-07,S3,9.5,15.7,atendido,ordinaria
TUR041-000163,2024-04-07,S1,13.3,11.0,atendido,ordinaria
TUR041-000164,2024-04-08,S2,9.6,6.6,atendido,preferente
TUR041-000165,2024-04-09,S3,5.0,14.3,atendido,preferente
TUR041-000166,2024-04-09,S1,9.6,16.3,atendido,preferente
TUR041-000167,2024-04-10,S2,,8.1,atendido,ordinaria
TUR041-000168,2024-04-10,S3,10.5,16.2,atendido,ordinaria
TUR041-000169,2024-04-11,S1,4.6,8.9,atendido,preferente
TUR041-000170,2024-04-12,S2,4.2,7.7,atendido,preferente
TUR041-000171,2024-04-12,S3,21.9,16.7,atendido,preferente
TUR041-000172,2024-04-13,S1,31.3,15.8,atendido,ordinaria
TUR041-000173,2024-04-13,S2,17.7,,abandono,ordinaria
TUR041-000174,2024-04-14,S3,7.8,11.1,atendido,preferente
TUR041-000175,2024-04-15,S1,4.3,4.8,atendido,preferente
TUR041-000176,2024-04-15,S2,2.8,6.9,atendido,preferente
TUR041-000177,2024-04-16,S3,19.5,13.4,atendido,preferente
TUR041-000178,2024-04-16,S1,9.2,14.2,atendido,ordinaria
TUR041-000179,2024-04-17,S2,7.9,12.1,atendido,ordinaria
TUR041-000180,2024-04-18,S3,9.7,9.2,atendido,preferente
TUR041-000181,2024-04-18,S1,8.1,8.5,atendido,ordinaria
TUR041-000182,2024-04-19,S2,7.3,6.9,atendido,ordinaria
TUR041-000183,2024-04-19,S3,11.3,16.0,atendido,ordinaria
TUR041-000184,2024-04-20,S1,11.1,7.5,atendido,ordinaria
TUR041-000185,2024-04-21,S2,14.3,15.5,atendido,preferente
TUR041-000186,2024-04-21,S3,16.0,14.3,atendido,ordinaria
TUR041-000187,2024-04-22,S1,5.2,7.4,atendido,preferente
TUR041-000188,2024-04-22,S2,8.5,17.5,atendido,preferente
TUR041-000189,2024-04-23,S3,24.2,8.5,atendido,ordinaria
TUR041-000190,2024-04-24,S1,9.4,13.0,atendido,ordinaria
TUR041-000191,2024-04-24,S2,18.9,14.7,atendido,ordinaria
TUR041-000192,2024-04-25,S3,20.4,10.3,atendido,ordinaria
TUR041-000193,2024-04-25,S1,4.2,17.1,atendido,preferente
TUR041-000194,2024-04-26,S2,5.7,15.7,atendido,ordinaria
TUR041-000195,2024-04-27,S3,26.8,14.1, ATENDIDO ,ordinaria
TUR041-000196,2024-04-27,S1,12.7,6.9,atendido,ordinaria
TUR041-000197,2024-04-28,S2,8.4,3.4,atendido,ordinaria
TUR041-000198,2024-04-29,S3,5.1,7.4,atendido,ordinaria
TUR041-000199,2024-04-29,S1,10.0,7.9,atendido,ordinaria
TUR041-000200,2024-04-30,S2,16.7,,abandono,ordinaria
TUR041-000201,2024-04-30,S3,12.4,17.0,atendido,ordinaria
TUR041-000202,2024-05-01,S1,6.9,6.2,atendido,ordinaria
TUR041-000203,2024-05-02,S2,17.2,11.2,atendido,ordinaria
TUR041-000204,2024-05-02,S3,4.1,11.2,atendido,preferente
TUR041-000205,2024-05-03,S1,6.2,5.6,atendido,ordinaria
TUR041-000206,2024-05-03,S2,22.1,6.4,atendido,ordinaria
TUR041-000207,2024-05-04,S3,6.8,14.4,atendido,ordinaria
TUR041-000208,2024-05-05,S1,15.3,11.4,atendido,ordinaria
TUR041-000209,2024-05-05,S2,24.3,5.0,atendido,ordinaria
TUR041-000210,2024-05-06,S3,12.0,9.7,atendido,preferente
TUR041-000211,2024-05-06,S1,3.7,15.7,atendido,ordinaria
TUR041-000212,2024-05-07,S2,"12,2",13.7,atendido,ordinaria
TUR041-000213,2024-05-08,S3,25.2,6.4,atendido,preferente
TUR041-000214,2024-05-08,S1,2.3,13.2,atendido,preferente
TUR041-000215,2024-05-09,S2,16.6,4.7,atendido,ordinaria
TUR041-000216,2024-05-09,S3,2.3,4.8,atendido,preferente
TUR041-000217,2024-05-10,S1,10.3,6.9,atendido,ordinaria
TUR041-000218,2024-05-11,S2,6.0,13.9,atendido,ordinaria
TUR041-000219,2024-05-11,S3,10.9,16.9,atendido,preferente
TUR041-000220,2024-05-12,S1,7.9,16.3,atendido,ordinaria
TUR041-000221,2024-05-12,S2,22.6,,abandono,ordinaria
TUR041-000222,2024-05-13,S3,10.3,5.8,atendido,ordinaria
TUR041-000223,2024-05-14,S1,8.8,5.7,atendido,ordinaria
TUR041-000224,2024-05-14,S2,11.3,15.3,atendido,ordinaria
TUR041-000225,2024-05-15,S3,2.8,12.3,atendido,preferente
TUR041-000226,2024-05-15,S1,15.5,18.0,atendido,ordinaria
TUR041-000227,2024-05-16,S2,6.4,13.4,atendido,ordinaria
TUR041-000228,2024-05-17,S3,15.9,9.4,atendido,ordinaria
TUR041-000229,2024-05-17,S1,5.8,11.8,atendido,ordinaria
TUR041-000230,2024-05-18,S2,23.3,4.1,atendido,ordinaria
TUR041-000231,2024-05-18,S3,9.0,14.8,atendido,preferente
TUR041-000232,2024-05-19,S1,3.4,3.8,atendido,ordinaria
TUR041-000233,2024-05-20,S2,4.9,10.7,atendido,preferente
TUR041-000234,2024-05-20,S3,29.4,12.3,atendido,preferente
TUR041-000235,2024-05-21,S1,4.7,12.2,atendido,ordinaria
TUR041-000236,2024-05-21,S2,1.5,9.6,atendido,ordinaria
TUR041-000237,2024-05-22,S3,21.4,10.1,atendido,preferente
TUR041-000238,2024-05-23,S1,14.7,6.4,atendido,ordinaria
TUR041-000239,2024-05-23,S2,8.2,10.4,atendido,ordinaria
TUR041-000240,2024-05-24,S3,11.6,17.3,atendido,preferente
TUR041-000241,2024-05-24,S1,18.1,4.8,atendido,ordinaria
TUR041-000242,2024-05-25,S2,7.6,10.7,atendido,ordinaria
TUR041-000243,2024-05-26,S3,27.9,13.7,atendido,ordinaria
TUR041-000244,2024-05-26,S1,2.6,15.0,atendido,preferente
TUR041-000245,2024-05-27,S2,7.3,15.1,atendido,ordinaria
TUR041-000246,2024-05-28,S3,9.4,17.0,atendido,ordinaria
TUR041-000247,2024-05-28,S1,6.5,10.1,atendido,preferente
TUR041-000248,2024-05-29,S2,8.6,14.0,atendido,ordinaria
TUR041-000249,2024-05-29,S3,18.1,13.8,atendido,ordinaria
TUR041-000250,2024-05-30,S1,,14.3,atendido,preferente
TUR041-000251,2024-05-31,S2,11.6,15.6,atendido,ordinaria
TUR041-000252,2024-05-31,S3,10.3,,abandono,ordinaria
TUR041-000253,2024-06-01,S1,7.8,4.3,atendido,ordinaria
TUR041-000254,2024-06-01,S2,7.0,15.5,atendido,preferente
TUR041-000255,2024-06-02,S3,9.3,11.8,atendido,ordinaria
TUR041-000256,2024-06-03,S1,14.8,9.8,atendido,ordinaria
TUR041-000257,2024-06-03,S2,5.6,16.4,atendido,ordinaria
TUR041-000258,2024-06-04,S3,13.2,7.6,atendido,ordinaria
TUR041-000259,2024-06-04,S1,9.8,4.9,atendido,ordinaria
TUR041-000260,2024-06-05,S2,16.0,6.7,atendido,ordinaria
TUR041-000261,2024-06-06,S3,9.5,12.8,atendido,ordinaria
TUR041-000262,2024-06-06,S1,4.7,16.0,atendido,ordinaria
TUR041-000263,2024-06-07,S2,2.8,7.9,atendido,preferente
TUR041-000264,2024-06-07,S3,11.8,7.7,atendido,preferente
TUR041-000265,2024-06-08,S1,5.6,10.2,atendido,preferente
TUR041-000266,2024-06-09,S2,3.9,6.7,atendido,ordinaria
TUR041-000267,2024-06-09,S3,25.6,4.1,atendido,ordinaria
TUR041-000268,2024-06-10,S1,7.6,6.3,atendido,ordinaria
TUR041-000269,2024-06-10,S2,7.8,5.9,atendido,ordinaria
TUR041-000270,2024-06-11,S3,16.2,7.9,atendido,preferente
TUR041-000271,2024-06-12,S1,4.2,10.3,atendido,preferente
TUR041-000272,2024-06-12,S2,6.4,14.8,atendido,ordinaria
TUR041-000273,2024-06-13,S3,2.7,16.0,atendido,ordinaria
TUR041-000274,2024-06-13,S1,10.0,5.8,atendido,preferente
TUR041-000275,2024-06-14,S2,2.9,7.4,atendido,preferente
TUR041-000276,2024-06-15,S3,25.7,3.1,atendido,ordinaria
TUR041-000277,2024-06-15,S1,13.6,4.0,atendido,ordinaria
TUR041-000278,2024-06-16,S2,12.7,4.0,atendido,preferente
TUR041-000279,2024-06-16,S3,20.0,,abandono,ordinaria
TUR041-000280,2024-06-17,S1,3.6,16.4,atendido,ordinaria
TUR041-000281,2024-06-18,S2,13.2,12.8,atendido,preferente
TUR041-000282,2024-06-18,S3,4.6,7.5,atendido,ordinaria
TUR041-000283,2024-06-19,S1,14.2,13.3,atendido,ordinaria
TUR041-000284,2024-06-19,S2,15.5,12.8,atendido,ordinaria
TUR041-000285,2024-06-20,S3,6.9,12.7,atendido,preferente
TUR041-000286,2024-06-21,S1,5.6,15.2,atendido,preferente
TUR041-000287,2024-06-21,S2,28.8,13.3,atendido,ordinaria
TUR041-000288,2024-06-22,S3,20.2,,abandono,ordinaria
TUR041-000289,2024-06-22,S1,19.6,15.5,atendido,ordinaria
TUR041-000290,2024-06-23,S2,26.3,,abandono,ordinaria
TUR041-000291,2024-06-24,S3,7.0,13.1,atendido,ordinaria
TUR041-000292,2024-06-24,S1,16.8,3.0, ATENDIDO ,ordinaria
TUR041-000293,2024-06-25,S2,5.8,4.2,atendido,preferente
TUR041-000294,2024-06-26,S3,6.1,6.0,atendido,preferente
TUR041-000295,2024-06-26,S1,6.5,17.1,atendido,preferente
TUR041-000296,2024-06-27,S2,7.5,11.3,atendido,ordinaria
TUR041-000297,2024-06-27,S3,5.9,16.4,atendido,ordinaria
TUR041-000298,2024-06-28,S1,6.9,12.9,atendido,ordinaria
TUR041-000299,2024-06-29,S2,14.8,14.5,atendido,ordinaria
TUR041-000300,2024-06-29,S3,34.4,7.5,atendido,ordinaria
TUR041-000301,2024-06-30,S1,11.0,13.2,atendido,ordinaria
TUR041-000302,2024-06-30,S2,5.7,9.4,atendido,ordinaria
TUR041-000303,2024-07-01,S3,7.7,9.7,atendido,ordinaria
TUR041-000304,2024-07-02,S1,12.1,,abandono,preferente
TUR041-000305,2024-07-02,S2,10.8,5.4,atendido,ordinaria
TUR041-000306,2024-07-03,S3,6.3,13.6,atendido,ordinaria
TUR041-000307,2024-07-03,S1,8.9,16.6,atendido,ordinaria
TUR041-000308,2024-07-04,S2,12.0,10.8,atendido,ordinaria
TUR041-000309,2024-07-05,S3,22.3,12.8,atendido,preferente
TUR041-000310,2024-07-05,S1,8.9,15.7,atendido,ordinaria
TUR041-000311,2024-07-06,S2,9.6,12.7,atendido,ordinaria
TUR041-000312,2024-07-06,S3,10.5,16.6,atendido,ordinaria
TUR041-000313,2024-07-07,S1,15.7,16.6,atendido,ordinaria
TUR041-000314,2024-07-08,S2,16.7,7.0,atendido,ordinaria
TUR041-000315,2024-07-08,S3,3.9,12.5,atendido,preferente
TUR041-000316,2024-07-09,S1,7.4,16.8,atendido,preferente
TUR041-000317,2024-07-09,S2,7.4,7.0,atendido,ordinaria
TUR041-000318,2024-07-10,S3,15.0,17.7,atendido,preferente
TUR041-000319,2024-07-11,S1,6.3,3.9,atendido,ordinaria
TUR041-000320,2024-07-11,S2,2.0,6.0,atendido,preferente
TUR041-000321,2024-07-12,S3,3.9,15.3,atendido,preferente
TUR041-000322,2024-07-12,S1,2.5,11.7,atendido,preferente
TUR041-000323,2024-07-13,S2,12.0,16.5,atendido,ordinaria
TUR041-000324,2024-07-14,S3,6.1,13.9,atendido,preferente
TUR041-000325,2024-07-14,S1,5.0,10.7,atendido,ordinaria
TUR041-000326,2024-07-15,S2,37.0,13.0,atendido,ordinaria
TUR041-000327,2024-07-15,S3,20.1,10.1,atendido,ordinaria
TUR041-000328,2024-07-16,S1,2.9,11.5,atendido,preferente
TUR041-000329,2024-07-17,S2,44.2,12.9,atendido,ordinaria
TUR041-000330,2024-07-17,S3,14.0,5.5,atendido,ordinaria
TUR041-000331,2024-07-18,S1,4.8,13.2,atendido,preferente
TUR041-000332,2024-07-18,S2,8.2,4.2,atendido,ordinaria
TUR041-000333,2024-07-19,S3,,7.3,atendido,ordinaria
TUR041-000334,2024-07-20,S1,4.4,11.2,atendido,preferente
TUR041-000335,2024-07-20,S2,12.7,10.9,atendido,ordinaria
TUR041-000336,2024-07-21,S3,6.2,8.2,atendido,ordinaria
TUR041-000337,2024-07-21,S1,7.9,9.0,atendido,preferente
TUR041-000338,2024-07-22,S2,8.0,,abandono,ordinaria
TUR041-000339,2024-07-23,S3,33.1,6.6,atendido,ordinaria
TUR041-000340,2024-07-23,S1,2.6,13.1,atendido,ordinaria
TUR041-000341,2024-07-24,S2,2.4,3.4,atendido,ordinaria
TUR041-000342,2024-07-25,S3,22.7,,abandono,preferente
TUR041-000343,2024-07-25,S1,7.6,17.5,atendido,ordinaria
TUR041-000344,2024-07-26,S2,18.1,4.8,atendido,ordinaria
TUR041-000345,2024-07-26,S3,14.3,14.9,atendido,ordinaria
TUR041-000346,2024-07-27,S1,4.8,5.5,atendido,ordinaria
TUR041-000347,2024-07-28,S2,27.0,17.7,atendido,preferente
TUR041-000348,2024-07-28,S3,7.7,6.3,atendido,preferente
TUR041-000349,2024-07-29,S1,2.5,6.4,atendido,preferente
TUR041-000350,2024-07-29,S2,11.0,16.0,atendido,ordinaria
TUR041-000351,2024-07-30,S3,11.0,7.0,atendido,ordinaria
TUR041-000352,2024-07-31,S1,3.9,17.7,atendido,ordinaria
TUR041-000353,2024-07-31,S2,5.2,7.9,atendido,ordinaria
TUR041-000354,2024-08-01,S3,9.2,4.5,atendido,preferente
TUR041-000355,2024-08-01,S1,14.2,6.1,atendido,ordinaria
TUR041-000356,2024-08-02,S2,24.7,4.7,atendido,ordinaria
TUR041-000357,2024-08-03,S3,1.5,6.1,atendido,ordinaria
TUR041-000358,2024-08-03,S1,3.8,5.6,atendido,ordinaria
TUR041-000359,2024-08-04,S2,14.0,11.0,atendido,preferente
TUR041-000360,2024-08-04,S3,8.2,10.2,atendido,ordinaria
TUR041-000361,2024-08-05,S1,7.5,4.4,atendido,ordinaria
TUR041-000362,2024-08-06,S2,2.7,7.5,atendido,preferente
TUR041-000363,2024-08-06,S3,7.8,17.5,atendido,ordinaria
TUR041-000364,2024-08-07,S1,13.7,4.2,atendido,ordinaria
TUR041-000365,2024-08-07,S2,24.6,15.1,atendido,ordinaria
TUR041-000366,2024-08-08,S3,15.3,4.2,atendido,ordinaria
TUR041-000367,2024-08-09,S1,15.0,4.6,atendido,ordinaria
TUR041-000368,2024-08-09,S2,5.9,9.5,atendido,ordinaria
TUR041-000369,2024-08-10,S3,7.0,9.8,atendido,preferente
TUR041-000370,2024-08-10,S1,15.4,14.1,atendido,ordinaria
TUR041-000371,2024-08-11,S2,3.5,14.3,atendido,preferente
TUR041-000372,2024-08-12,S3,15.2,13.9,atendido,ordinaria
TUR041-000373,2024-08-12,S1,16.4,7.8,atendido,preferente
TUR041-000374,2024-08-13,S2,11.6,11.0,atendido,ordinaria
TUR041-000375,2024-08-13,S3,5.7,10.3,atendido,preferente
TUR041-000376,2024-08-14,S1,12.2,9.2,atendido,preferente
TUR041-000377,2024-08-15,S2,27.2,15.4,atendido,ordinaria
TUR041-000378,2024-08-15,S3,9.6,13.0,atendido,ordinaria
TUR041-000379,2024-08-16,S1,8.8,15.1,atendido,preferente
TUR041-000380,2024-08-16,S2,16.4,15.1,atendido,ordinaria
TUR041-000381,2024-08-17,S3,9.1,9.8,atendido,preferente
TUR041-000382,2024-08-18,S1,8.5,16.6,atendido,ordinaria
TUR041-000383,2024-08-18,S2,7.2,16.8,atendido,preferente
TUR041-000384,2024-08-19,S3,49.3,,abandono,ordinaria
TUR041-000385,2024-08-19,S1,7.6,10.3,atendido,ordinaria
TUR041-000386,2024-08-20,S2,44.4,,abandono,ordinaria
TUR041-000387,2024-08-21,S3,3.3,12.8,atendido,ordinaria
TUR041-000388,2024-08-21,S1,3.4,,abandono,preferente
TUR041-000389,2024-08-22,S2,12.3,10.4, ATENDIDO ,ordinaria
TUR041-000390,2024-08-23,S3,21.4,8.1,atendido,ordinaria
TUR041-000391,2024-08-23,S1,8.7,,abandono,ordinaria
TUR041-000392,2024-08-24,S2,20.1,3.1,atendido,ordinaria
TUR041-000393,2024-08-24,S3,42.0,4.0,atendido,ordinaria
TUR041-000394,2024-08-25,S1,27.8,4.2,atendido,ordinaria
TUR041-000395,2024-08-26,S2,8.7,8.6,atendido,preferente
TUR041-000396,2024-08-26,S3,9.6,4.5,atendido,ordinaria
TUR041-000397,2024-08-27,S1,11.7,11.0,atendido,ordinaria
TUR041-000398,2024-08-27,S2,7.9,,abandono,ordinaria
TUR041-000399,2024-08-28,S3,7.7,16.0,atendido,ordinaria
TUR041-000400,2024-08-29,S1,4.1,12.3,atendido,preferente
TUR041-000401,2024-08-29,S2,2.7,17.3,atendido,preferente
TUR041-000402,2024-08-30,S3,23.2,14.7,atendido,ordinaria
TUR041-000403,2024-08-30,S1,3.5,14.1,atendido,ordinaria
TUR041-000404,2024-08-31,S2,9.0,16.2,atendido,ordinaria
TUR041-000405,2024-09-01,S3,19.2,7.0,atendido,preferente
TUR041-000406,2024-09-01,S1,10.1,3.6,atendido,ordinaria
TUR041-000407,2024-09-02,S2,10.4,9.4,atendido,preferente
TUR041-000408,2024-09-02,S3,5.0,5.6,atendido,preferente
TUR041-000409,2024-09-03,S1,12.8,4.4,atendido,ordinaria
TUR041-000410,2024-09-04,S2,3.6,14.8,atendido,ordinaria
TUR041-000411,2024-09-04,S3,5.8,10.1,atendido,preferente
TUR041-000412,2024-09-05,S1,2.8,14.5,atendido,ordinaria
TUR041-000413,2024-09-05,S2,7.9,9.1,atendido,ordinaria
TUR041-000414,2024-09-06,S3,12.3,10.9,atendido,ordinaria
TUR041-000415,2024-09-07,S1,10.6,8.1,atendido,ordinaria
TUR041-000416,2024-09-07,S2,,8.6,atendido,ordinaria
TUR041-000417,2024-09-08,S3,16.9,6.1,atendido,preferente
TUR041-000418,2024-09-08,S1,8.0,13.3,atendido,preferente
TUR041-000419,2024-09-09,S2,3.6,7.6,atendido,preferente
TUR041-000420,2024-09-10,S3,3.8,3.8,atendido,preferente
TUR041-000421,2024-09-10,S1,15.8,11.0,atendido,ordinaria
TUR041-000422,2024-09-11,S2,10.4,9.9,atendido,ordinaria
TUR041-000423,2024-09-11,S3,"4,7",9.7,atendido,ordinaria
TUR041-000424,2024-09-12,S1,8.9,8.6,atendido,ordinaria
TUR041-000425,2024-09-13,S2,12.3,9.6,atendido,ordinaria
TUR041-000426,2024-09-13,S3,19.5,14.7,atendido,ordinaria
TUR041-000427,2024-09-14,S1,6.2,9.9,atendido,ordinaria
TUR041-000428,2024-09-14,S2,3.4,4.9,atendido,preferente
TUR041-000429,2024-09-15,S3,18.6,12.4,atendido,preferente
TUR041-000430,2024-09-16,S1,19.2,10.4,atendido,ordinaria
TUR041-000431,2024-09-16,S2,19.5,7.3,atendido,ordinaria
TUR041-000432,2024-09-17,S3,34.6,15.9,atendido,ordinaria
TUR041-000433,2024-09-17,S1,2.7,3.6,atendido,ordinaria
TUR041-000434,2024-09-18,S2,7.9,9.3,atendido,ordinaria
TUR041-000435,2024-09-19,S3,9.1,3.7,atendido,preferente
TUR041-000436,2024-09-19,S1,6.2,12.6,atendido,ordinaria
TUR041-000437,2024-09-20,S2,7.4,10.8,atendido,ordinaria
TUR041-000438,2024-09-21,S3,8.6,,abandono,ordinaria
TUR041-000439,2024-09-21,S1,3.7,15.4,atendido,preferente
TUR041-000440,2024-09-22,S2,11.1,11.3,atendido,ordinaria
TUR041-000441,2024-09-22,S3,14.4,11.8,atendido,preferente
TUR041-000442,2024-09-23,S1,2.4,9.9,atendido,preferente
TUR041-000443,2024-09-24,S2,6.1,6.7,atendido,ordinaria
TUR041-000444,2024-09-24,S3,10.2,13.4,atendido,preferente
TUR041-000445,2024-09-25,S1,3.9,5.4,atendido,ordinaria
TUR041-000446,2024-09-25,S2,5.5,4.8,atendido,preferente
TUR041-000447,2024-09-26,S3,10.3,5.6,atendido,ordinaria
TUR041-000448,2024-09-27,S1,10.6,14.0,atendido,ordinaria
TUR041-000449,2024-09-27,S2,7.5,9.7,atendido,ordinaria
TUR041-000450,2024-09-28,S3,8.5,17.5,atendido,ordinaria
TUR041-000451,2024-09-28,S1,6.7,14.3,atendido,ordinaria
TUR041-000452,2024-09-29,S2,2.8,5.4,atendido,ordinaria
TUR041-000453,2024-09-30,S3,4.9,3.8,atendido,ordinaria
TUR041-000454,2024-09-30,S1,6.8,5.6,atendido,preferente
TUR041-000455,2024-10-01,S2,8.7,15.2,atendido,preferente
TUR041-000456,2024-10-01,S3,8.9,17.8,atendido,ordinaria
TUR041-000457,2024-10-02,S1,20.5,11.2,atendido,ordinaria
TUR041-000458,2024-10-03,S2,4.8,,abandono,ordinaria
TUR041-000459,2024-10-03,S3,29.2,14.7,atendido,ordinaria
TUR041-000460,2024-10-04,S1,7.6,9.4,atendido,ordinaria
TUR041-000461,2024-10-04,S2,6.8,13.7,atendido,preferente
TUR041-000462,2024-10-05,S3,10.3,15.0,atendido,ordinaria
TUR041-000463,2024-10-06,S1,2.5,7.9,atendido,preferente
TUR041-000464,2024-10-06,S2,17.3,9.3,atendido,ordinaria
TUR041-000465,2024-10-07,S3,8.5,14.9,atendido,preferente
TUR041-000466,2024-10-07,S1,5.7,13.0,atendido,ordinaria
TUR041-000467,2024-10-08,S2,4.2,17.4,atendido,ordinaria
TUR041-000468,2024-10-09,S3,18.7,4.3,atendido,ordinaria
TUR041-000469,2024-10-09,S1,2.1,5.2,atendido,preferente
TUR041-000470,2024-10-10,S2,3.7,15.8,atendido,ordinaria
TUR041-000471,2024-10-10,S3,23.3,12.8,atendido,ordinaria
TUR041-000472,2024-10-11,S1,4.5,14.5,atendido,ordinaria
TUR041-000473,2024-10-12,S2,15.7,17.1,atendido,preferente
TUR041-000474,2024-10-12,S3,12.9,5.9,atendido,ordinaria
TUR041-000475,2024-10-13,S1,3.3,9.1,atendido,ordinaria
TUR041-000476,2024-10-13,S2,1.5,5.1,atendido,preferente
TUR041-000477,2024-10-14,S3,3.7,6.8,atendido,ordinaria
TUR041-000478,2024-10-15,S1,3.1,3.9,atendido,preferente
TUR041-000479,2024-10-15,S2,21.2,,abandono,preferente
TUR041-000480,2024-10-16,S3,6.5,17.2,atendido,preferente
TUR041-000481,2024-10-16,S1,9.2,15.3,atendido,ordinaria
TUR041-000482,2024-10-17,S2,21.4,7.5,atendido,ordinaria
TUR041-000483,2024-10-18,S3,31.2,6.4,atendido,ordinaria
TUR041-000484,2024-10-18,S1,12.6,12.3,atendido,preferente
TUR041-000485,2024-10-19,S2,6.4,14.8,atendido,ordinaria
TUR041-000486,2024-10-20,S3,10.7,11.0, ATENDIDO ,ordinaria
TUR041-000487,2024-10-20,S1,3.3,10.7,atendido,preferente
TUR041-000488,2024-10-21,S2,4.8,13.2,atendido,preferente
TUR041-000489,2024-10-21,S3,5.5,6.9,atendido,ordinaria
TUR041-000490,2024-10-22,S1,7.5,5.7,atendido,ordinaria
TUR041-000491,2024-10-23,S2,11.8,14.2,atendido,preferente
TUR041-000492,2024-10-23,S3,5.0,5.5,atendido,ordinaria
TUR041-000493,2024-10-24,S1,13.1,15.2,atendido,ordinaria
TUR041-000494,2024-10-24,S2,13.9,16.6,atendido,ordinaria
TUR041-000495,2024-10-25,S3,16.6,3.9,atendido,ordinaria
TUR041-000496,2024-10-26,S1,28.0,12.2,atendido,ordinaria
TUR041-000497,2024-10-26,S2,22.9,16.8,atendido,ordinaria
TUR041-000498,2024-10-27,S3,9.6,4.6,atendido,ordinaria
TUR041-000499,2024-10-27,S1,,13.0,atendido,ordinaria
TUR041-000500,2024-10-28,S2,18.2,10.3,atendido,ordinaria
TUR041-000501,2024-10-29,S3,13.5,15.4,atendido,ordinaria
TUR041-000502,2024-10-29,S1,5.4,9.8,atendido,preferente
TUR041-000503,2024-10-30,S2,1.5,8.7,atendido,ordinaria
TUR041-000504,2024-10-30,S3,57.5,,abandono,preferente
TUR041-000505,2024-10-31,S1,7.1,8.4,atendido,ordinaria
TUR041-000506,2024-11-01,S2,14.7,14.3,atendido,ordinaria
TUR041-000507,2024-11-01,S3,16.4,14.8,atendido,ordinaria
TUR041-000508,2024-11-02,S1,6.9,17.9,atendido,preferente
TUR041-000509,2024-11-02,S2,8.6,9.2,atendido,ordinaria
TUR041-000510,2024-11-03,S3,13.6,16.5,atendido,ordinaria
TUR041-000511,2024-11-04,S1,3.4,5.3,atendido,preferente
TUR041-000512,2024-11-04,S2,12.7,,abandono,preferente
TUR041-000513,2024-11-05,S3,10.8,11.2,atendido,ordinaria
TUR041-000514,2024-11-05,S1,5.6,15.0,atendido,ordinaria
TUR041-000515,2024-11-06,S2,20.7,8.0,atendido,ordinaria
TUR041-000516,2024-11-07,S3,25.7,8.6,atendido,ordinaria
TUR041-000517,2024-11-07,S1,12.0,13.7,atendido,preferente
TUR041-000518,2024-11-08,S2,3.1,5.1,atendido,ordinaria
TUR041-000519,2024-11-08,S3,43.6,16.3,atendido,ordinaria
TUR041-000520,2024-11-09,S1,9.4,5.6,atendido,preferente
TUR041-000521,2024-11-10,S2,31.1,9.6,atendido,ordinaria
TUR041-000522,2024-11-10,S3,12.4,5.5,atendido,ordinaria
TUR041-000523,2024-11-11,S1,8.3,10.4,atendido,ordinaria
TUR041-000524,2024-11-11,S2,5.9,13.9,atendido,preferente
TUR041-000525,2024-11-12,S3,27.4,5.6,atendido,ordinaria
TUR041-000526,2024-11-13,S1,8.8,6.2,atendido,ordinaria
TUR041-000527,2024-11-13,S2,9.4,6.7,atendido,ordinaria
TUR041-000528,2024-11-14,S3,15.7,9.7,atendido,ordinaria
TUR041-000529,2024-11-14,S1,11.9,16.8,atendido,preferente
TUR041-000530,2024-11-15,S2,17.4,16.0,atendido,ordinaria
TUR041-000531,2024-11-16,S3,26.8,15.8,atendido,ordinaria
TUR041-000532,2024-11-16,S1,8.9,15.2,atendido,ordinaria
TUR041-000533,2024-11-17,S2,1.6,10.2,atendido,preferente
TUR041-000534,2024-11-18,S3,13.2,,abandono,preferente
TUR041-000535,2024-11-18,S1,2.7,15.9,atendido,ordinaria
TUR041-000536,2024-11-19,S2,26.5,10.5,atendido,ordinaria
TUR041-000537,2024-11-19,S3,5.1,13.5,atendido,preferente
TUR041-000538,2024-11-20,S1,12.1,12.3,atendido,ordinaria
TUR041-000539,2024-11-21,S2,17.8,9.5,atendido,ordinaria
TUR041-000540,2024-11-21,S3,11.7,15.8,atendido,preferente
TUR041-000541,2024-11-22,S1,16.9,8.0,atendido,preferente
TUR041-000542,2024-11-22,S2,8.4,,abandono,ordinaria
TUR041-000543,2024-11-23,S3,9.2,8.3,atendido,preferente
TUR041-000544,2024-11-24,S1,6.3,16.1,atendido,preferente
TUR041-000545,2024-11-24,S2,14.0,3.4,atendido,preferente
TUR041-000546,2024-11-25,S3,9.6,16.5,atendido,ordinaria
TUR041-000547,2024-11-25,S1,7.9,12.8,atendido,preferente
TUR041-000548,2024-11-26,S2,13.6,16.4,atendido,ordinaria
TUR041-000549,2024-11-27,S3,14.1,16.3,atendido,preferente
TUR041-000550,2024-11-27,S1,11.0,7.7,atendido,ordinaria
TUR041-000551,2024-11-28,S2,10.1,4.8,atendido,preferente
TUR041-000552,2024-11-28,S3,15.2,7.3,atendido,ordinaria
TUR041-000553,2024-11-29,S1,7.0,,abandono,ordinaria
TUR041-000554,2024-11-30,S2,8.3,5.2,atendido,ordinaria
TUR041-000555,2024-11-30,S3,1.6,8.4,atendido,ordinaria
TUR041-000556,2024-12-01,S1,22.2,8.5,atendido,preferente
TUR041-000557,2024-12-01,S2,12.2,10.4,atendido,preferente
TUR041-000558,2024-12-02,S3,31.3,7.0,atendido,ordinaria
TUR041-000559,2024-12-03,S1,6.3,10.6,atendido,preferente
TUR041-000560,2024-12-03,S2,8.6,10.1,atendido,preferente
TUR041-000561,2024-12-04,S3,6.1,3.7,atendido,preferente
TUR041-000562,2024-12-04,S1,7.7,3.1,atendido,ordinaria
TUR041-000563,2024-12-05,S2,4.4,5.7,atendido,ordinaria
TUR041-000564,2024-12-06,S3,6.4,3.1,atendido,preferente
TUR041-000565,2024-12-06,S1,15.8,6.8,atendido,ordinaria
TUR041-000566,2024-12-07,S2,5.4,8.1,atendido,ordinaria
TUR041-000567,2024-12-07,S3,8.7,13.9,atendido,ordinaria
TUR041-000568,2024-12-08,S1,6.9,16.1,atendido,preferente
TUR041-000569,2024-12-09,S2,15.2,13.1,atendido,preferente
TUR041-000570,2024-12-09,S3,11.7,16.0,atendido,ordinaria
TUR041-000571,2024-12-10,S1,16.8,8.3,atendido,preferente
TUR041-000572,2024-12-10,S2,7.3,17.6,atendido,preferente
TUR041-000573,2024-12-11,S3,9.0,9.1,atendido,ordinaria
TUR041-000574,2024-12-12,S1,5.8,15.5,atendido,ordinaria
TUR041-000575,2024-12-12,S2,22.5,10.4,atendido,ordinaria
TUR041-000576,2024-12-13,S3,40.1,13.4,atendido,ordinaria
TUR041-000577,2024-12-13,S1,11.1,8.8,atendido,ordinaria
TUR041-000578,2024-12-14,S2,12.9,13.2,atendido,ordinaria
TUR041-000579,2024-12-15,S3,3.7,8.8,atendido,ordinaria
TUR041-000580,2024-12-15,S1,1.9,17.9,atendido,preferente
TUR041-000581,2024-12-16,S2,7.4,4.2,atendido,ordinaria
TUR041-000582,2024-12-17,S3,,13.1,atendido,preferente
TUR041-000583,2024-12-17,S1,13.1,8.2, ATENDIDO ,ordinaria
TUR041-000584,2024-12-18,S2,9.3,7.0,atendido,ordinaria
TUR041-000585,2024-12-18,S3,9.1,8.1,atendido,ordinaria
TUR041-000586,2024-12-19,S1,1.4,16.4,atendido,ordinaria
TUR041-000587,2024-12-20,S2,8.8,16.4,atendido,ordinaria
TUR041-000588,2024-12-20,S3,9.2,11.5,atendido,ordinaria
TUR041-000589,2024-12-21,S1,4.7,16.6,atendido,ordinaria
TUR041-000590,2024-12-21,S2,23.9,,abandono,preferente
TUR041-000591,2024-12-22,S3,9.7,7.0,atendido,ordinaria
TUR041-000592,2024-12-23,S1,4.7,16.1,atendido,ordinaria
TUR041-000593,2024-12-23,S2,40.0,9.7,atendido,ordinaria
TUR041-000594,2024-12-24,S3,6.2,10.0,atendido,preferente
TUR041-000595,2024-12-24,S1,2.8,17.9,atendido,preferente
TUR041-000596,2024-12-25,S2,16.7,4.0,atendido,ordinaria
TUR041-000597,2024-12-26,S3,12.2,6.7,atendido,preferente
TUR041-000598,2024-12-26,S1,4.9,6.4,atendido,preferente
TUR041-000599,2024-12-27,S2,2.8,7.4,atendido,preferente
TUR041-000600,2024-12-27,S3,31.0,12.4,atendido,ordinaria
TUR041-000601,2024-12-28,S1,6.8,13.8,atendido,ordinaria
TUR041-000602,2024-12-29,S2,25.6,,abandono,preferente
TUR041-000603,2024-12-29,S3,5.2,3.3,atendido,preferente
TUR041-000604,2024-12-30,S1,6.7,11.0,atendido,ordinaria
TUR041-000605,2024-12-30,S2,3.9,6.0,atendido,preferente
TUR041-000606,2024-12-31,S3,27.0,9.1,atendido,ordinaria
TUR041-000607,2025-01-01,S1,4.8,13.8,atendido,ordinaria
TUR041-000608,2025-01-01,S2,7.5,14.0,atendido,ordinaria
TUR041-000609,2025-01-02,S3,36.0,11.9,atendido,ordinaria
TUR041-000610,2025-01-02,S1,12.9,14.3,atendido,ordinaria
TUR041-000611,2025-01-03,S2,11.2,11.9,atendido,ordinaria
TUR041-000612,2025-01-04,S3,3.4,6.3,atendido,preferente
TUR041-000613,2025-01-04,S1,3.6,3.3,atendido,preferente
TUR041-000614,2025-01-05,S2,10.1,5.6,atendido,ordinaria
TUR041-000615,2025-01-05,S3,5.8,10.8,atendido,ordinaria
TUR041-000616,2025-01-06,S1,6.6,7.8,atendido,ordinaria
TUR041-000617,2025-01-07,S2,11.5,,abandono,ordinaria
TUR041-000618,2025-01-07,S3,8.0,8.6,atendido,ordinaria
TUR041-000619,2025-01-08,S1,3.2,10.8,atendido,preferente
TUR041-000620,2025-01-08,S2,7.4,16.4,atendido,ordinaria
TUR041-000621,2025-01-09,S3,9.2,16.3,atendido,ordinaria
TUR041-000622,2025-01-10,S1,1.5,3.6,atendido,ordinaria
TUR041-000623,2025-01-10,S2,10.8,8.7,atendido,ordinaria
TUR041-000624,2025-01-11,S3,25.2,9.3,atendido,ordinaria
TUR041-000625,2025-01-11,S1,11.4,3.2,atendido,ordinaria
TUR041-000626,2025-01-12,S2,16.5,6.1,atendido,ordinaria
TUR041-000627,2025-01-13,S3,13.2,7.8,atendido,ordinaria
TUR041-000628,2025-01-13,S1,13.1,14.0,atendido,ordinaria
TUR041-000629,2025-01-14,S2,7.5,6.3,atendido,ordinaria
TUR041-000630,2025-01-14,S3,33.9,9.7,atendido,ordinaria
TUR041-000631,2025-01-15,S1,19.7,5.0,atendido,ordinaria
TUR041-000632,2025-01-16,S2,12.0,6.9,atendido,ordinaria
TUR041-000633,2025-01-16,S3,8.4,13.4,atendido,ordinaria
TUR041-000634,2025-01-17,S1,"2,8",4.9,atendido,ordinaria
TUR041-000635,2025-01-18,S2,26.0,9.1,atendido,ordinaria
TUR041-000636,2025-01-18,S3,21.1,9.7,atendido,ordinaria
TUR041-000637,2025-01-19,S1,2.6,10.7,atendido,preferente
TUR041-000638,2025-01-19,S2,10.9,14.7,atendido,ordinaria
TUR041-000639,2025-01-20,S3,12.0,7.9,atendido,preferente
TUR041-000640,2025-01-21,S1,6.4,17.6,atendido,ordinaria
TUR041-000641,2025-01-21,S2,6.6,8.8,atendido,ordinaria
TUR041-000642,2025-01-22,S3,11.3,17.6,atendido,preferente
TUR041-000643,2025-01-22,S1,11.4,13.0,atendido,ordinaria
TUR041-000644,2025-01-23,S2,5.6,7.2,atendido,ordinaria
TUR041-000645,2025-01-24,S3,3.9,15.0,atendido,ordinaria
TUR041-000646,2025-01-24,S1,4.7,11.8,atendido,ordinaria
TUR041-000647,2025-01-25,S2,9.2,16.3,atendido,ordinaria
TUR041-000648,2025-01-25,S3,5.9,15.7,atendido,ordinaria
TUR041-000649,2025-01-26,S1,1.6,3.7,atendido,preferente
TUR041-000650,2025-01-27,S2,15.2,12.0,atendido,ordinaria
TUR041-000651,2025-01-27,S3,7.8,13.9,atendido,preferente
TUR041-000652,2025-01-28,S1,9.9,5.7,atendido,ordinaria
TUR041-000653,2025-01-28,S2,3.2,11.4,atendido,ordinaria
TUR041-000654,2025-01-29,S3,12.4,11.4,atendido,ordinaria
TUR041-000655,2025-01-30,S1,33.1,13.3,atendido,ordinaria
TUR041-000656,2025-01-30,S2,6.3,4.6,atendido,ordinaria
TUR041-000657,2025-01-31,S3,12.2,14.5,atendido,preferente
TUR041-000658,2025-01-31,S1,7.2,7.9,atendido,ordinaria
TUR041-000659,2025-02-01,S2,21.4,12.3,atendido,preferente
TUR041-000660,2025-02-02,S3,7.1,17.8,atendido,ordinaria
TUR041-000661,2025-02-02,S1,11.5,6.9,atendido,ordinaria
TUR041-000662,2025-02-03,S2,7.2,6.3,atendido,preferente
TUR041-000663,2025-02-03,S3,6.9,8.0,atendido,ordinaria
TUR041-000664,2025-02-04,S1,5.2,6.7,atendido,ordinaria
TUR041-000665,2025-02-05,S2,,16.9,atendido,ordinaria
TUR041-000666,2025-02-05,S3,7.7,11.6,atendido,preferente
TUR041-000667,2025-02-06,S1,18.3,3.2,atendido,ordinaria
TUR041-000668,2025-02-06,S2,19.0,6.8,atendido,ordinaria
TUR041-000669,2025-02-07,S3,8.0,10.0,atendido,preferente
TUR041-000670,2025-02-08,S1,4.2,15.3,atendido,preferente
TUR041-000671,2025-02-08,S2,52.6,8.3,atendido,ordinaria
TUR041-000672,2025-02-09,S3,26.5,3.1,atendido,ordinaria
TUR041-000673,2025-02-09,S1,17.3,17.6,atendido,ordinaria
TUR041-000674,2025-02-10,S2,6.3,,abandono,ordinaria
TUR041-000675,2025-02-11,S3,4.6,3.5,atendido,ordinaria
TUR041-000676,2025-02-11,S1,12.5,9.7,atendido,ordinaria
TUR041-000677,2025-02-12,S2,11.3,9.9,atendido,ordinaria
TUR041-000678,2025-02-12,S3,14.4,,abandono,ordinaria
TUR041-000679,2025-02-13,S1,4.9,12.7,atendido,ordinaria
TUR041-000680,2025-02-14,S2,13.1,12.0, ATENDIDO ,ordinaria
TUR041-000681,2025-02-14,S3,4.8,10.7,atendido,preferente
TUR041-000682,2025-02-15,S1,15.1,12.6,atendido,preferente
TUR041-000683,2025-02-16,S2,6.3,9.4,atendido,ordinaria
TUR041-000684,2025-02-16,S3,10.4,11.5,atendido,ordinaria
TUR041-000685,2025-02-17,S1,7.9,11.4,atendido,ordinaria
TUR041-000686,2025-02-17,S2,5.9,7.9,atendido,ordinaria
TUR041-000687,2025-02-18,S3,12.8,13.3,atendido,preferente
TUR041-000688,2025-02-19,S1,15.3,11.2,atendido,ordinaria
TUR041-000689,2025-02-19,S2,17.9,,abandono,ordinaria
TUR041-000690,2025-02-20,S3,6.2,13.9,atendido,preferente
TUR041-000691,2025-02-20,S1,5.2,5.1,atendido,ordinaria
TUR041-000692,2025-02-21,S2,7.2,15.5,atendido,ordinaria
TUR041-000693,2025-02-22,S3,24.8,4.5,atendido,ordinaria
TUR041-000694,2025-02-22,S1,8.3,17.8,atendido,ordinaria
TUR041-000695,2025-02-23,S2,12.4,4.1,atendido,ordinaria
TUR041-000696,2025-02-23,S3,23.2,12.5,atendido,ordinaria
TUR041-000697,2025-02-24,S1,7.7,4.8,atendido,preferente
TUR041-000698,2025-02-25,S2,8.9,3.5,atendido,preferente
TUR041-000699,2025-02-25,S3,9.9,3.7,atendido,preferente
TUR041-000700,2025-02-26,S1,8.3,4.5,atendido,ordinaria
TUR041-000701,2025-02-26,S2,8.8,,abandono,ordinaria
TUR041-000702,2025-02-27,S3,10.2,14.1,atendido,ordinaria
TUR041-000703,2025-02-28,S1,3.8,16.9,atendido,preferente
TUR041-000704,2025-02-28,S2,11.5,15.3,atendido,preferente
TUR041-000705,2025-03-01,S3,9.2,15.9,atendido,ordinaria
TUR041-000706,2025-03-01,S1,3.5,17.6,atendido,preferente
TUR041-000707,2025-03-02,S2,10.8,9.7,atendido,ordinaria
TUR041-000708,2025-03-03,S3,6.3,4.0,atendido,preferente
TUR041-000709,2025-03-03,S1,24.2,12.7,atendido,preferente
TUR041-000710,2025-03-04,S2,24.5,,abandono,ordinaria
TUR041-000711,2025-03-04,S3,29.5,8.0,atendido,preferente
TUR041-000712,2025-03-05,S1,5.2,3.8,atendido,preferente
TUR041-000713,2025-03-06,S2,17.3,,abandono,ordinaria
TUR041-000714,2025-03-06,S3,23.9,16.9,atendido,ordinaria
TUR041-000715,2025-03-07,S1,12.1,5.4,atendido,ordinaria
TUR041-000716,2025-03-07,S2,16.2,6.0,atendido,ordinaria
TUR041-000717,2025-03-08,S3,12.7,,abandono,ordinaria
TUR041-000718,2025-03-09,S1,11.3,9.8,atendido,preferente
TUR041-000719,2025-03-09,S2,14.1,3.4,atendido,ordinaria
TUR041-000720,2025-03-10,S3,7.2,15.2,atendido,ordinaria
TUR041-000721,2025-03-10,S1,7.5,12.5,atendido,ordinaria
TUR041-000722,2025-03-11,S2,7.7,12.8,atendido,preferente
TUR041-000723,2025-03-12,S3,18.3,7.4,atendido,ordinaria
TUR041-000724,2025-03-12,S1,9.3,8.8,atendido,preferente
TUR041-000725,2025-03-13,S2,7.6,8.5,atendido,ordinaria
TUR041-000726,2025-03-13,S3,22.7,15.8,atendido,ordinaria
TUR041-000727,2025-03-14,S1,3.8,16.1,atendido,ordinaria
TUR041-000728,2025-03-15,S2,31.6,10.6,atendido,ordinaria
TUR041-000729,2025-03-15,S3,11.9,7.4,atendido,ordinaria
TUR041-000730,2025-03-16,S1,5.1,4.5,atendido,ordinaria
TUR041-000731,2025-03-17,S2,2.2,9.3,atendido,preferente
TUR041-000732,2025-03-17,S3,7.8,4.1,atendido,preferente
TUR041-000733,2025-03-18,S1,3.9,15.6,atendido,ordinaria
TUR041-000734,2025-03-18,S2,18.9,17.6,atendido,preferente
TUR041-000735,2025-03-19,S3,28.1,10.6,atendido,preferente
TUR041-000736,2025-03-20,S1,5.6,13.5,atendido,preferente
TUR041-000737,2025-03-20,S2,12.2,14.7,atendido,ordinaria
TUR041-000738,2025-03-21,S3,21.8,4.5,atendido,ordinaria
TUR041-000739,2025-03-21,S1,23.2,16.5,atendido,ordinaria
TUR041-000740,2025-03-22,S2,9.1,15.9,atendido,ordinaria
TUR041-000741,2025-03-23,S3,10.5,6.8,atendido,preferente
TUR041-000742,2025-03-23,S1,13.1,7.2,atendido,preferente
TUR041-000743,2025-03-24,S2,44.6,,abandono,preferente
TUR041-000744,2025-03-24,S3,26.0,11.5,atendido,preferente
TUR041-000745,2025-03-25,S1,7.3,12.5,atendido,ordinaria
TUR041-000746,2025-03-26,S2,16.7,7.4,atendido,ordinaria
TUR041-000747,2025-03-26,S3,11.3,13.3,atendido,preferente
TUR041-000748,2025-03-27,S1,,12.2,atendido,ordinaria
TUR041-000749,2025-03-27,S2,8.1,12.3,atendido,ordinaria
TUR041-000750,2025-03-28,S3,6.1,9.3,atendido,preferente
TUR041-000751,2025-03-29,S1,4.3,7.0,atendido,preferente
TUR041-000752,2025-03-29,S2,27.3,6.5,atendido,ordinaria
TUR041-000753,2025-03-30,S3,80.2,,abandono,ordinaria
TUR041-000754,2025-03-30,S1,7.3,17.2,atendido,preferente
TUR041-000755,2025-03-31,S2,38.3,7.3,atendido,ordinaria
TUR041-000756,2025-04-01,S3,4.7,,abandono,ordinaria
TUR041-000757,2025-04-01,S1,7.6,13.1,atendido,ordinaria
TUR041-000758,2025-04-02,S2,9.0,4.5,atendido,ordinaria
TUR041-000759,2025-04-02,S3,10.2,5.8,atendido,preferente
TUR041-000760,2025-04-03,S1,7.1,12.6,atendido,ordinaria
TUR041-000761,2025-04-04,S2,9.2,13.4,atendido,ordinaria
TUR041-000762,2025-04-04,S3,4.5,8.7,atendido,ordinaria
TUR041-000763,2025-04-05,S1,8.8,9.6,atendido,ordinaria
TUR041-000764,2025-04-05,S2,13.7,16.1,atendido,ordinaria
TUR041-000765,2025-04-06,S3,3.8,6.6,atendido,preferente
TUR041-000766,2025-04-07,S1,11.8,14.0,atendido,ordinaria
TUR041-000767,2025-04-07,S2,15.7,4.1,atendido,preferente
TUR041-000768,2025-04-08,S3,5.5,7.2,atendido,ordinaria
TUR041-000769,2025-04-08,S1,8.3,12.0,atendido,ordinaria
TUR041-000770,2025-04-09,S2,7.8,17.1,atendido,ordinaria
TUR041-000771,2025-04-10,S3,17.5,,abandono,preferente
TUR041-000772,2025-04-10,S1,16.2,12.9,atendido,ordinaria
TUR041-000773,2025-04-11,S2,6.6,10.9,atendido,ordinaria
TUR041-000774,2025-04-11,S3,45.4,9.8,atendido,preferente
TUR041-000775,2025-04-12,S1,15.4,11.1,atendido,ordinaria
TUR041-000776,2025-04-13,S2,2.5,3.6,atendido,ordinaria
TUR041-000777,2025-04-13,S3,22.4,12.0, ATENDIDO ,ordinaria
TUR041-000778,2025-04-14,S1,5.9,14.5,atendido,preferente
TUR041-000779,2025-04-15,S2,7.2,,abandono,ordinaria
TUR041-000780,2025-04-15,S3,7.2,5.6,atendido,preferente
TUR041-000781,2025-04-16,S1,4.0,5.7,atendido,ordinaria
TUR041-000782,2025-04-16,S2,7.7,15.8,atendido,ordinaria
TUR041-000783,2025-04-17,S3,15.7,,abandono,preferente
TUR041-000784,2025-04-18,S1,8.6,5.3,atendido,ordinaria
TUR041-000785,2025-04-18,S2,13.7,3.2,atendido,ordinaria
TUR041-000786,2025-04-19,S3,6.1,8.2,atendido,preferente
TUR041-000787,2025-04-19,S1,2.0,15.5,atendido,preferente
TUR041-000788,2025-04-20,S2,3.7,11.1,atendido,preferente
TUR041-000789,2025-04-21,S3,7.8,12.4,atendido,ordinaria
TUR041-000790,2025-04-21,S1,6.6,8.2,atendido,preferente
TUR041-000791,2025-04-22,S2,5.6,5.7,atendido,ordinaria
TUR041-000792,2025-04-22,S3,8.9,3.6,atendido,ordinaria
TUR041-000793,2025-04-23,S1,17.3,16.2,atendido,ordinaria
TUR041-000794,2025-04-24,S2,10.0,3.9,atendido,preferente
TUR041-000795,2025-04-24,S3,11.5,4.8,atendido,ordinaria
TUR041-000796,2025-04-25,S1,13.5,17.3,atendido,ordinaria
TUR041-000797,2025-04-25,S2,4.2,12.9,atendido,ordinaria
TUR041-000798,2025-04-26,S3,20.9,4.9,atendido,ordinaria
TUR041-000799,2025-04-27,S1,4.3,11.4,atendido,preferente
TUR041-000800,2025-04-27,S2,16.3,9.3,atendido,ordinaria
TUR041-000801,2025-04-28,S3,15.0,8.7,atendido,ordinaria
TUR041-000802,2025-04-28,S1,8.4,6.7,atendido,ordinaria
TUR041-000803,2025-04-29,S2,8.0,4.2,atendido,preferente
TUR041-000804,2025-04-30,S3,23.4,10.1,atendido,ordinaria
TUR041-000805,2025-04-30,S1,24.3,4.8,atendido,preferente
TUR041-000806,2025-05-01,S2,23.8,7.8,atendido,ordinaria
TUR041-000807,2025-05-01,S3,15.9,11.2,atendido,preferente
TUR041-000808,2025-05-02,S1,5.9,14.7,atendido,ordinaria
TUR041-000809,2025-05-03,S2,26.4,17.9,atendido,ordinaria
TUR041-000810,2025-05-03,S3,5.8,16.4,atendido,preferente
TUR041-000811,2025-05-04,S1,7.3,7.2,atendido,preferente
TUR041-000812,2025-05-04,S2,10.5,13.0,atendido,ordinaria
TUR041-000813,2025-05-05,S3,22.3,,abandono,preferente
TUR041-000814,2025-05-06,S1,8.0,16.8,atendido,preferente
TUR041-000815,2025-05-06,S2,2.8,7.7,atendido,preferente
TUR041-000816,2025-05-07,S3,9.1,7.0,atendido,ordinaria
TUR041-000817,2025-05-07,S1,10.8,16.8,atendido,ordinaria
TUR041-000818,2025-05-08,S2,16.9,,abandono,ordinaria
TUR041-000819,2025-05-09,S3,22.4,11.4,atendido,ordinaria
TUR041-000820,2025-05-09,S1,19.3,7.4,atendido,preferente
TUR041-000821,2025-05-10,S2,18.9,8.1,atendido,ordinaria
TUR041-000822,2025-05-10,S3,23.7,16.0,atendido,preferente
TUR041-000823,2025-05-11,S1,14.0,7.1,atendido,ordinaria
TUR041-000824,2025-05-12,S2,22.1,,abandono,ordinaria
TUR041-000825,2025-05-12,S3,29.7,12.9,atendido,ordinaria
TUR041-000826,2025-05-13,S1,4.6,11.3,atendido,ordinaria
TUR041-000827,2025-05-14,S2,5.9,8.6,atendido,preferente
TUR041-000828,2025-05-14,S3,16.8,16.6,atendido,ordinaria
TUR041-000829,2025-05-15,S1,15.4,11.8,atendido,ordinaria
TUR041-000830,2025-05-15,S2,4.6,14.7,atendido,preferente
TUR041-000831,2025-05-16,S3,,5.2,atendido,ordinaria
TUR041-000832,2025-05-17,S1,13.3,16.0,atendido,preferente
TUR041-000833,2025-05-17,S2,2.6,10.3,atendido,ordinaria
TUR041-000834,2025-05-18,S3,15.1,17.6,atendido,ordinaria
TUR041-000835,2025-05-18,S1,16.0,,abandono,ordinaria
TUR041-000836,2025-05-19,S2,1.9,6.9,atendido,preferente
TUR041-000837,2025-05-20,S3,23.2,16.8,atendido,ordinaria
TUR041-000838,2025-05-20,S1,11.4,12.4,atendido,ordinaria
TUR041-000839,2025-05-21,S2,9.9,4.3,atendido,ordinaria
TUR041-000840,2025-05-21,S3,5.5,3.6,atendido,preferente
TUR041-000841,2025-05-22,S1,9.7,7.7,atendido,ordinaria
TUR041-000842,2025-05-23,S2,6.5,8.2,atendido,preferente
TUR041-000843,2025-05-23,S3,29.3,13.3,atendido,ordinaria
TUR041-000844,2025-05-24,S1,3.4,9.8,atendido,ordinaria
TUR041-000845,2025-05-24,S2,"5,6",8.1,atendido,ordinaria
TUR041-000846,2025-05-25,S3,15.0,5.2,atendido,preferente
TUR041-000847,2025-05-26,S1,7.8,12.6,atendido,preferente
TUR041-000848,2025-05-26,S2,8.7,4.5,atendido,preferente
TUR041-000849,2025-05-27,S3,19.6,5.7,atendido,ordinaria
TUR041-000850,2025-05-27,S1,5.9,11.0,atendido,preferente
TUR041-000851,2025-05-28,S2,12.1,7.0,atendido,ordinaria
TUR041-000852,2025-05-29,S3,44.5,8.1,atendido,ordinaria
TUR041-000853,2025-05-29,S1,8.3,16.3,atendido,ordinaria
TUR041-000854,2025-05-30,S2,18.1,,abandono,ordinaria
TUR041-000855,2025-05-30,S3,5.0,3.1,atendido,preferente
TUR041-000856,2025-05-31,S1,6.0,12.0,atendido,ordinaria
TUR041-000857,2025-06-01,S2,12.4,6.0,atendido,preferente
TUR041-000858,2025-06-01,S3,7.9,3.1,atendido,ordinaria
TUR041-000859,2025-06-02,S1,12.6,18.0,atendido,ordinaria
TUR041-000860,2025-06-02,S2,3.2,13.3,atendido,preferente
TUR041-000861,2025-06-03,S3,25.5,16.8,atendido,preferente
TUR041-000862,2025-06-04,S1,8.0,7.4,atendido,ordinaria
TUR041-000863,2025-06-04,S2,1.7,17.1,atendido,preferente
TUR041-000864,2025-06-05,S3,3.6,15.4,atendido,ordinaria
TUR041-000865,2025-06-05,S1,6.8,8.8,atendido,ordinaria
TUR041-000866,2025-06-06,S2,4.3,11.1,atendido,ordinaria
TUR041-000867,2025-06-07,S3,8.4,9.4,atendido,preferente
TUR041-000868,2025-06-07,S1,6.4,9.3,atendido,ordinaria
TUR041-000869,2025-06-08,S2,2.5,17.6,atendido,preferente
TUR041-000870,2025-06-08,S3,20.9,17.3,atendido,ordinaria
TUR041-000871,2025-06-09,S1,5.9,11.4,atendido,ordinaria
TUR041-000872,2025-06-10,S2,1.9,10.5,atendido,preferente
TUR041-000873,2025-06-10,S3,3.5,4.5,atendido,preferente
TUR041-000874,2025-06-11,S1,5.4,17.4, ATENDIDO ,ordinaria
TUR041-000875,2025-06-12,S2,16.9,5.1,atendido,ordinaria
TUR041-000876,2025-06-12,S3,16.4,10.2,atendido,preferente
TUR041-000877,2025-06-13,S1,3.4,15.9,atendido,ordinaria
TUR041-000878,2025-06-13,S2,12.7,17.0,atendido,ordinaria
TUR041-000879,2025-06-14,S3,33.8,4.4,atendido,preferente
TUR041-000880,2025-06-15,S1,10.3,12.1,atendido,ordinaria
TUR041-000881,2025-06-15,S2,12.1,10.0,atendido,ordinaria
TUR041-000882,2025-06-16,S3,11.9,11.9,atendido,ordinaria
TUR041-000883,2025-06-16,S1,4.1,17.8,atendido,ordinaria
TUR041-000884,2025-06-17,S2,5.8,3.9,atendido,ordinaria
TUR041-000885,2025-06-18,S3,38.7,3.6,atendido,ordinaria
TUR041-000886,2025-06-18,S1,6.2,14.0,atendido,preferente
TUR041-000887,2025-06-19,S2,2.2,7.0,atendido,ordinaria
TUR041-000888,2025-06-19,S3,13.8,5.1,atendido,ordinaria
TUR041-000889,2025-06-20,S1,9.8,13.8,atendido,ordinaria
TUR041-000890,2025-06-21,S2,17.0,8.2,atendido,preferente
TUR041-000891,2025-06-21,S3,32.7,16.5,atendido,ordinaria
TUR041-000892,2025-06-22,S1,8.4,16.1,atendido,preferente
TUR041-000893,2025-06-22,S2,24.7,15.7,atendido,ordinaria
TUR041-000894,2025-06-23,S3,4.8,8.7,atendido,ordinaria
TUR041-000895,2025-06-24,S1,11.1,,abandono,ordinaria
TUR041-000896,2025-06-24,S2,3.9,3.7,atendido,ordinaria
TUR041-000897,2025-06-25,S3,31.9,11.3,atendido,ordinaria
TUR041-000898,2025-06-25,S1,5.2,13.6,atendido,ordinaria
TUR041-000899,2025-06-26,S2,19.0,17.1,atendido,ordinaria
TUR041-000900,2025-06-27,S3,24.3,17.6,atendido,ordinaria
TUR041-000901,2025-06-27,S1,2.1,12.9,atendido,preferente
TUR041-000902,2025-06-28,S2,14.2,12.1,atendido,preferente
TUR041-000903,2025-06-28,S3,8.8,10.4,atendido,ordinaria
TUR041-000904,2025-06-29,S1,24.4,14.7,atendido,preferente
TUR041-000905,2025-06-30,S2,2.5,3.6,atendido,preferente
TUR041-000906,2025-06-30,S3,40.7,,abandono,ordinaria
TUR041-000907,2025-07-01,S1,10.3,4.2,atendido,ordinaria
TUR041-000908,2025-07-01,S2,2.7,17.3,atendido,ordinaria
TUR041-000909,2025-07-02,S3,12.7,8.7,atendido,ordinaria
TUR041-000910,2025-07-03,S1,16.5,4.8,atendido,ordinaria
TUR041-000911,2025-07-03,S2,7.6,12.1,atendido,ordinaria
TUR041-000912,2025-07-04,S3,5.9,13.0,atendido,preferente
TUR041-000913,2025-07-04,S1,5.9,6.4,atendido,ordinaria
TUR041-000914,2025-07-05,S2,,,abandono,ordinaria
TUR041-000915,2025-07-06,S3,9.2,15.2,atendido,preferente
TUR041-000916,2025-07-06,S1,4.2,8.5,atendido,preferente
TUR041-000917,2025-07-07,S2,3.4,5.2,atendido,ordinaria
TUR041-000918,2025-07-07,S3,9.9,4.7,atendido,ordinaria
TUR041-000919,2025-07-08,S1,6.1,,abandono,ordinaria
TUR041-000920,2025-07-09,S2,19.2,6.0,atendido,ordinaria
TUR041-000921,2025-07-09,S3,11.9,16.3,atendido,ordinaria
TUR041-000922,2025-07-10,S1,7.7,15.8,atendido,ordinaria
TUR041-000923,2025-07-11,S2,7.8,6.9,atendido,ordinaria
TUR041-000924,2025-07-11,S3,8.5,6.7,atendido,ordinaria
TUR041-000925,2025-07-12,S1,6.9,16.8,atendido,preferente
TUR041-000926,2025-07-12,S2,4.6,14.8,atendido,ordinaria
TUR041-000927,2025-07-13,S3,9.4,16.1,atendido,ordinaria
TUR041-000928,2025-07-14,S1,5.9,3.5,atendido,ordinaria
TUR041-000929,2025-07-14,S2,18.8,4.8,atendido,ordinaria
TUR041-000930,2025-07-15,S3,7.8,3.4,atendido,ordinaria
TUR041-000931,2025-07-15,S1,10.1,11.4,atendido,ordinaria
TUR041-000932,2025-07-16,S2,17.7,,abandono,ordinaria
TUR041-000933,2025-07-17,S3,3.1,15.9,atendido,preferente
TUR041-000934,2025-07-17,S1,3.0,3.6,atendido,preferente
TUR041-000935,2025-07-18,S2,6.0,6.5,atendido,ordinaria
TUR041-000936,2025-07-18,S3,6.9,5.2,atendido,ordinaria
TUR041-000937,2025-07-19,S1,28.0,,abandono,ordinaria
TUR041-000938,2025-07-20,S2,10.5,3.8,atendido,ordinaria
TUR041-000939,2025-07-20,S3,10.4,5.0,atendido,ordinaria
TUR041-000940,2025-07-21,S1,9.0,9.5,atendido,ordinaria
TUR041-000941,2025-07-21,S2,13.4,12.8,atendido,ordinaria
TUR041-000942,2025-07-22,S3,10.4,4.8,atendido,ordinaria
TUR041-000943,2025-07-23,S1,4.4,6.4,atendido,ordinaria
TUR041-000944,2025-07-23,S2,23.9,10.6,atendido,ordinaria
TUR041-000945,2025-07-24,S3,9.7,9.1,atendido,ordinaria
TUR041-000946,2025-07-24,S1,7.8,14.1,atendido,ordinaria
TUR041-000947,2025-07-25,S2,21.2,9.7,atendido,ordinaria
TUR041-000948,2025-07-26,S3,5.4,12.8,atendido,preferente
TUR041-000949,2025-07-26,S1,4.3,16.9,atendido,ordinaria
TUR041-000950,2025-07-27,S2,14.0,8.3,atendido,ordinaria
TUR041-000951,2025-07-27,S3,8.0,15.0,atendido,ordinaria
TUR041-000952,2025-07-28,S1,6.2,7.0,atendido,ordinaria
TUR041-000953,2025-07-29,S2,34.9,10.1,atendido,ordinaria
TUR041-000954,2025-07-29,S3,26.0,16.4,atendido,preferente
TUR041-000955,2025-07-30,S1,5.4,17.0,atendido,ordinaria
TUR041-000956,2025-07-30,S2,5.3,16.5,atendido,preferente
TUR041-000957,2025-07-31,S3,28.2,,abandono,preferente
TUR041-000958,2025-08-01,S1,5.2,4.2,atendido,preferente
TUR041-000959,2025-08-01,S2,7.5,3.6,atendido,preferente
TUR041-000960,2025-08-02,S3,4.1,14.4,atendido,preferente
TUR041-000961,2025-08-02,S1,12.7,9.5,atendido,ordinaria
TUR041-000962,2025-08-03,S2,14.3,7.5,atendido,ordinaria
TUR041-000963,2025-08-04,S3,32.1,,abandono,ordinaria
TUR041-000964,2025-08-04,S1,1.7,3.9,atendido,preferente
TUR041-000965,2025-08-05,S2,2.1,14.1,atendido,preferente
TUR041-000966,2025-08-05,S3,6.0,5.3,atendido,preferente
TUR041-000967,2025-08-06,S1,6.2,7.2,atendido,ordinaria
TUR041-000968,2025-08-07,S2,9.9,9.3,atendido,preferente
TUR041-000969,2025-08-07,S3,5.2,8.0,atendido,preferente
TUR041-000970,2025-08-08,S1,4.0,6.0,atendido,ordinaria
TUR041-000971,2025-08-09,S2,13.3,17.8, ATENDIDO ,ordinaria
TUR041-000972,2025-08-09,S3,13.7,7.0,atendido,preferente
TUR041-000973,2025-08-10,S1,3.5,3.4,atendido,preferente
TUR041-000974,2025-08-10,S2,17.5,16.9,atendido,ordinaria
TUR041-000975,2025-08-11,S3,3.6,3.4,atendido,ordinaria
TUR041-000976,2025-08-12,S1,7.9,11.9,atendido,preferente
TUR041-000977,2025-08-12,S2,16.6,14.1,atendido,preferente
TUR041-000978,2025-08-13,S3,12.3,11.1,atendido,preferente
TUR041-000979,2025-08-13,S1,11.4,7.0,atendido,ordinaria
TUR041-000980,2025-08-14,S2,2.9,11.4,atendido,ordinaria
TUR041-000981,2025-08-15,S3,1.7,17.2,atendido,ordinaria
TUR041-000982,2025-08-15,S1,4.8,5.2,atendido,ordinaria
TUR041-000983,2025-08-16,S2,15.2,8.4,atendido,preferente
TUR041-000984,2025-08-16,S3,8.5,12.1,atendido,ordinaria
TUR041-000985,2025-08-17,S1,2.4,13.2,atendido,preferente
TUR041-000986,2025-08-18,S2,58.5,,abandono,ordinaria
TUR041-000987,2025-08-18,S3,1.8,7.9,atendido,ordinaria
TUR041-000988,2025-08-19,S1,6.5,7.2,atendido,ordinaria
TUR041-000989,2025-08-19,S2,9.4,9.5,atendido,ordinaria
TUR041-000990,2025-08-20,S3,21.2,6.8,atendido,preferente
TUR041-000991,2025-08-21,S1,13.9,3.5,atendido,ordinaria
TUR041-000992,2025-08-21,S2,15.1,16.4,atendido,ordinaria
TUR041-000993,2025-08-22,S3,35.7,13.6,atendido,ordinaria
TUR041-000994,2025-08-22,S1,8.3,15.8,atendido,ordinaria
TUR041-000995,2025-08-23,S2,7.7,5.3,atendido,preferente
TUR041-000996,2025-08-24,S3,7.7,17.2,atendido,preferente
TUR041-000997,2025-08-24,S1,,6.0,atendido,ordinaria
TUR041-000998,2025-08-25,S2,17.6,,abandono,ordinaria
TUR041-000999,2025-08-25,S3,9.9,15.2,atendido,preferente
TUR041-001000,2025-08-26,S1,4.8,5.3,atendido,preferente
TUR041-001001,2025-08-27,S2,16.2,,abandono,ordinaria
TUR041-001002,2025-08-27,S3,8.7,11.2,atendido,ordinaria
TUR041-001003,2025-08-28,S1,8.3,12.2,atendido,ordinaria
TUR041-001004,2025-08-28,S2,8.9,7.6,atendido,ordinaria
TUR041-001005,2025-08-29,S3,6.4,13.1,atendido,ordinaria
TUR041-001006,2025-08-30,S1,6.4,16.0,atendido,preferente
TUR041-001007,2025-08-30,S2,18.4,,abandono,ordinaria
TUR041-001008,2025-08-31,S3,9.1,15.9,atendido,preferente
TUR041-001009,2025-08-31,S1,21.3,13.3,atendido,ordinaria
TUR041-001010,2025-09-01,S2,5.0,8.0,atendido,ordinaria
TUR041-001011,2025-09-02,S3,5.2,13.8,atendido,preferente
TUR041-001012,2025-09-02,S1,6.8,11.4,atendido,ordinaria
TUR041-001013,2025-09-03,S2,12.4,3.3,atendido,ordinaria
TUR041-001014,2025-09-03,S3,19.4,8.4,atendido,ordinaria
TUR041-001015,2025-09-04,S1,5.8,7.3,atendido,ordinaria
TUR041-001016,2025-09-05,S2,13.6,16.6,atendido,preferente
TUR041-001017,2025-09-05,S3,16.1,11.4,atendido,ordinaria
TUR041-001018,2025-09-06,S1,27.6,16.5,atendido,ordinaria
TUR041-001019,2025-09-07,S2,7.8,4.5,atendido,preferente
TUR041-001020,2025-09-07,S3,8.4,16.9,atendido,ordinaria
TUR041-001021,2025-09-08,S1,8.2,6.9,atendido,preferente
TUR041-001022,2025-09-08,S2,9.1,15.8,atendido,ordinaria
TUR041-001023,2025-09-09,S3,9.7,4.1,atendido,ordinaria
TUR041-001024,2025-09-10,S1,9.4,6.2,atendido,ordinaria
TUR041-001025,2025-09-10,S2,8.1,7.3,atendido,ordinaria
TUR041-001026,2025-09-11,S3,7.5,,abandono,ordinaria
TUR041-001027,2025-09-11,S1,18.6,16.0,atendido,ordinaria
TUR041-001028,2025-09-12,S2,16.0,14.7,atendido,ordinaria
TUR041-001029,2025-09-13,S3,29.4,,abandono,preferente
TUR041-001030,2025-09-13,S1,4.0,16.5,atendido,ordinaria
TUR041-001031,2025-09-14,S2,4.9,5.3,atendido,ordinaria
TUR041-001032,2025-09-14,S3,4.7,3.8,atendido,preferente
TUR041-001033,2025-09-15,S1,15.3,16.6,atendido,preferente
TUR041-001034,2025-09-16,S2,8.8,16.2,atendido,ordinaria
TUR041-001035,2025-09-16,S3,23.7,16.6,atendido,ordinaria
TUR041-001036,2025-09-17,S1,5.0,4.0,atendido,ordinaria
TUR041-001037,2025-09-17,S2,25.9,15.5,atendido,ordinaria
TUR041-001038,2025-09-18,S3,5.9,12.7,atendido,preferente
TUR041-001039,2025-09-19,S1,5.3,12.5,atendido,ordinaria
TUR041-001040,2025-09-19,S2,4.2,13.8,atendido,preferente
TUR041-001041,2025-09-20,S3,17.4,,abandono,preferente
TUR041-001042,2025-09-20,S1,7.1,5.9,atendido,ordinaria
TUR041-001043,2025-09-21,S2,7.1,11.9,atendido,preferente
TUR041-001044,2025-09-22,S3,15.8,7.4,atendido,ordinaria
TUR041-001045,2025-09-22,S1,4.4,11.7,atendido,ordinaria
TUR041-001046,2025-09-23,S2,4.6,13.2,atendido,preferente
TUR041-001047,2025-09-23,S3,8.6,9.4,atendido,preferente
TUR041-001048,2025-09-24,S1,6.8,7.4,atendido,ordinaria
TUR041-001049,2025-09-25,S2,16.1,6.2,atendido,preferente
TUR041-001050,2025-09-25,S3,17.0,14.1,atendido,preferente
TUR041-001051,2025-09-26,S1,6.1,4.0,atendido,preferente
TUR041-001052,2025-09-26,S2,2.1,16.1,atendido,preferente
TUR041-001053,2025-09-27,S3,2.8,4.2,atendido,ordinaria
TUR041-001054,2025-09-28,S1,12.3,6.2,atendido,preferente
TUR041-001055,2025-09-28,S2,12.8,17.9,atendido,ordinaria
TUR041-001056,2025-09-29,S3,"45,6",12.7,atendido,ordinaria
TUR041-001057,2025-09-29,S1,11.9,6.3,atendido,ordinaria
TUR041-001058,2025-09-30,S2,18.0,4.8,atendido,preferente
TUR041-001059,2025-10-01,S3,6.2,8.7,atendido,ordinaria
TUR041-001060,2025-10-01,S1,4.6,11.5,atendido,ordinaria
TUR041-001061,2025-10-02,S2,34.9,3.0,atendido,ordinaria
TUR041-001062,2025-10-02,S3,16.0,10.9,atendido,preferente
TUR041-001063,2025-10-03,S1,4.6,6.7,atendido,ordinaria
TUR041-001064,2025-10-04,S2,12.2,9.9,atendido,preferente
TUR041-001065,2025-10-04,S3,5.9,4.6,atendido,ordinaria
TUR041-001066,2025-10-05,S1,36.0,,abandono,ordinaria
TUR041-001067,2025-10-06,S2,10.0,10.8,atendido,preferente
TUR041-001068,2025-10-06,S3,4.6,14.4, ATENDIDO ,preferente
TUR041-001069,2025-10-07,S1,8.4,10.9,atendido,ordinaria
TUR041-001070,2025-10-07,S2,3.5,4.5,atendido,preferente
TUR041-001071,2025-10-08,S3,7.0,16.6,atendido,preferente
TUR041-001072,2025-10-09,S1,5.5,5.3,atendido,preferente
TUR041-001073,2025-10-09,S2,12.9,17.0,atendido,ordinaria
TUR041-001074,2025-10-10,S3,8.3,17.2,atendido,preferente
TUR041-001075,2025-10-10,S1,8.1,13.8,atendido,ordinaria
TUR041-001076,2025-10-11,S2,7.2,17.6,atendido,ordinaria
TUR041-001077,2025-10-12,S3,30.3,8.7,atendido,ordinaria
TUR041-001078,2025-10-12,S1,4.5,8.3,atendido,ordinaria
TUR041-001079,2025-10-13,S2,5.6,13.2,atendido,preferente
TUR041-001080,2025-10-13,S3,,14.0,atendido,preferente
TUR041-001081,2025-10-14,S1,5.8,14.5,atendido,ordinaria
TUR041-001082,2025-10-15,S2,10.9,4.2,atendido,preferente
TUR041-001083,2025-10-15,S3,7.9,9.2,atendido,preferente
TUR041-001084,2025-10-16,S1,17.0,16.0,atendido,ordinaria
TUR041-001085,2025-10-16,S2,5.0,7.7,atendido,ordinaria
TUR041-001086,2025-10-17,S3,7.5,17.4,atendido,ordinaria
TUR041-001087,2025-10-18,S1,8.6,13.3,atendido,preferente
TUR041-001088,2025-10-18,S2,30.4,4.7,atendido,preferente
TUR041-001089,2025-10-19,S3,7.2,5.7,atendido,preferente
TUR041-001090,2025-10-19,S1,4.1,11.4,atendido,preferente
TUR041-001091,2025-10-20,S2,3.4,10.5,atendido,preferente
TUR041-001092,2025-10-21,S3,8.6,3.4,atendido,preferente
TUR041-001093,2025-10-21,S1,9.5,3.1,atendido,preferente
TUR041-001094,2025-10-22,S2,11.2,17.8,atendido,ordinaria
TUR041-001095,2025-10-22,S3,29.3,,abandono,ordinaria
TUR041-001096,2025-10-23,S1,3.8,14.7,atendido,preferente
TUR041-001097,2025-10-24,S2,11.1,,abandono,preferente
TUR041-001098,2025-10-24,S3,14.8,10.8,atendido,preferente
TUR041-001099,2025-10-25,S1,20.0,5.0,atendido,preferente
TUR041-001100,2025-10-25,S2,10.4,9.9,atendido,preferente
TUR041-001101,2025-10-26,S3,5.8,3.2,atendido,ordinaria
TUR041-001102,2025-10-27,S1,18.5,8.5,atendido,ordinaria
TUR041-001103,2025-10-27,S2,12.9,7.1,atendido,preferente
TUR041-001104,2025-10-28,S3,2.7,11.6,atendido,ordinaria
TUR041-001105,2025-10-28,S1,10.3,7.8,atendido,preferente
TUR041-001106,2025-10-29,S2,7.8,4.6,atendido,preferente
TUR041-001107,2025-10-30,S3,11.4,5.5,atendido,ordinaria
TUR041-001108,2025-10-30,S1,8.8,16.3,atendido,ordinaria
TUR041-001109,2025-10-31,S2,4.3,14.5,atendido,preferente
TUR041-001110,2025-10-31,S3,26.1,3.6,atendido,preferente
TUR041-001111,2025-11-01,S1,22.0,,abandono,ordinaria
TUR041-001112,2025-11-02,S2,7.5,7.7,atendido,preferente
TUR041-001113,2025-11-02,S3,17.4,12.5,atendido,preferente
TUR041-001114,2025-11-03,S1,19.2,3.2,atendido,ordinaria
TUR041-001115,2025-11-04,S2,5.0,11.7,atendido,ordinaria
TUR041-001116,2025-11-04,S3,3.3,11.0,atendido,preferente
TUR041-001117,2025-11-05,S1,6.3,10.0,atendido,ordinaria
TUR041-001118,2025-11-05,S2,10.4,11.0,atendido,ordinaria
TUR041-001119,2025-11-06,S3,11.6,11.5,atendido,ordinaria
TUR041-001120,2025-11-07,S1,4.4,12.4,atendido,preferente
TUR041-001121,2025-11-07,S2,5.9,4.2,atendido,preferente
TUR041-001122,2025-11-08,S3,15.0,16.7,atendido,ordinaria
TUR041-001123,2025-11-08,S1,12.1,13.0,atendido,ordinaria
TUR041-001124,2025-11-09,S2,14.7,8.0,atendido,ordinaria
TUR041-001125,2025-11-10,S3,10.5,15.6,atendido,preferente
TUR041-001126,2025-11-10,S1,7.1,11.1,atendido,ordinaria
TUR041-001127,2025-11-11,S2,6.4,,abandono,ordinaria
TUR041-001128,2025-11-11,S3,21.3,14.4,atendido,preferente
TUR041-001129,2025-11-12,S1,7.0,,abandono,ordinaria
TUR041-001130,2025-11-13,S2,8.7,10.6,atendido,ordinaria
TUR041-001131,2025-11-13,S3,28.6,17.2,atendido,ordinaria
TUR041-001132,2025-11-14,S1,5.2,6.8,atendido,ordinaria
TUR041-001133,2025-11-14,S2,30.7,,abandono,ordinaria
TUR041-001134,2025-11-15,S3,29.0,15.1,atendido,ordinaria
TUR041-001135,2025-11-16,S1,9.5,14.3,atendido,ordinaria
TUR041-001136,2025-11-16,S2,6.8,14.9,atendido,ordinaria
TUR041-001137,2025-11-17,S3,25.2,10.8,atendido,preferente
TUR041-001138,2025-11-17,S1,6.3,14.0,atendido,preferente
TUR041-001139,2025-11-18,S2,6.8,3.5,atendido,ordinaria
TUR041-001140,2025-11-19,S3,19.5,5.7,atendido,ordinaria
TUR041-001141,2025-11-19,S1,2.4,5.2,atendido,ordinaria
TUR041-001142,2025-11-20,S2,6.8,5.9,atendido,preferente
TUR041-001143,2025-11-20,S3,15.4,4.4,atendido,preferente
TUR041-001144,2025-11-21,S1,6.2,14.7,atendido,ordinaria
TUR041-001145,2025-11-22,S2,9.8,11.7,atendido,ordinaria
TUR041-001146,2025-11-22,S3,29.2,14.6,atendido,ordinaria
TUR041-001147,2025-11-23,S1,7.7,8.2,atendido,ordinaria
TUR041-001148,2025-11-23,S2,8.1,3.6,atendido,ordinaria
TUR041-001149,2025-11-24,S3,12.8,12.3,atendido,ordinaria
TUR041-001150,2025-11-25,S1,10.2,9.2,atendido,preferente
TUR041-001151,2025-11-25,S2,3.4,3.9,atendido,ordinaria
TUR041-001152,2025-11-26,S3,21.2,5.1,atendido,preferente
TUR041-001153,2025-11-26,S1,1.8,13.0,atendido,preferente
TUR041-001154,2025-11-27,S2,12.1,13.6,atendido,ordinaria
TUR041-001155,2025-11-28,S3,15.0,17.5,atendido,ordinaria
TUR041-001156,2025-11-28,S1,12.5,8.3,atendido,ordinaria
TUR041-001157,2025-11-29,S2,3.7,4.9,atendido,preferente
TUR041-001158,2025-11-29,S3,5.4,12.1,atendido,preferente
TUR041-001159,2025-11-30,S1,3.4,7.7,atendido,preferente
TUR041-001160,2025-12-01,S2,10.5,11.9,atendido,preferente
TUR041-001161,2025-12-01,S3,12.3,,abandono,preferente
TUR041-001162,2025-12-02,S1,5.3,7.9,atendido,ordinaria
TUR041-001163,2025-12-03,S2,,7.5,atendido,ordinaria
TUR041-001164,2025-12-03,S3,4.5,9.9,atendido,ordinaria
TUR041-001165,2025-12-04,S1,9.6,, ABANDONO ,ordinaria
TUR041-001166,2025-12-04,S2,15.3,15.3,atendido,ordinaria
TUR041-001167,2025-12-05,S3,23.9,3.5,atendido,ordinaria
TUR041-001168,2025-12-06,S1,18.2,14.0,atendido,ordinaria
TUR041-001169,2025-12-06,S2,5.8,,abandono,ordinaria
TUR041-001170,2025-12-07,S3,8.6,11.7,atendido,ordinaria
TUR041-001171,2025-12-07,S1,1.6,7.4,atendido,preferente
TUR041-001172,2025-12-08,S2,11.8,11.8,atendido,preferente
TUR041-001173,2025-12-09,S3,4.7,12.4,atendido,ordinaria
TUR041-001174,2025-12-09,S1,3.1,6.7,atendido,preferente
TUR041-001175,2025-12-10,S2,18.7,10.4,atendido,ordinaria
TUR041-001176,2025-12-10,S3,8.0,12.0,atendido,preferente
TUR041-001177,2025-12-11,S1,3.5,8.8,atendido,preferente
TUR041-001178,2025-12-12,S2,7.8,17.0,atendido,ordinaria
TUR041-001179,2025-12-12,S3,22.4,11.1,atendido,preferente
TUR041-001180,2025-12-13,S1,14.5,7.6,atendido,ordinaria
TUR041-001181,2025-12-13,S2,27.5,4.0,atendido,ordinaria
TUR041-001182,2025-12-14,S3,12.9,5.0,atendido,ordinaria
TUR041-001183,2025-12-15,S1,4.0,9.5,atendido,preferente
TUR041-001184,2025-12-15,S2,21.7,6.3,atendido,ordinaria
TUR041-001185,2025-12-16,S3,15.1,3.8,atendido,ordinaria
TUR041-001186,2025-12-16,S1,5.5,14.1,atendido,ordinaria
TUR041-001187,2025-12-17,S2,5.2,11.3,atendido,ordinaria
TUR041-001188,2025-12-18,S3,10.8,5.7,atendido,ordinaria
TUR041-001189,2025-12-18,S1,15.5,4.4,atendido,ordinaria
TUR041-001190,2025-12-19,S2,25.7,10.6,atendido,ordinaria
TUR041-001191,2025-12-19,S3,14.8,4.6,atendido,preferente
TUR041-001192,2025-12-20,S1,3.0,17.9,atendido,ordinaria
TUR041-001193,2025-12-21,S2,10.6,6.8,atendido,preferente
TUR041-001194,2025-12-21,S3,5.4,12.9,atendido,preferente
TUR041-001195,2025-12-22,S1,4.2,12.3,atendido,preferente
TUR041-001196,2025-12-22,S2,6.4,7.8,atendido,preferente
TUR041-001197,2025-12-23,S3,30.1,16.1,atendido,ordinaria
TUR041-001198,2025-12-24,S1,6.7,15.7,atendido,preferente
TUR041-001199,2025-12-24,S2,12.6,13.2,atendido,ordinaria
TUR041-001200,2025-12-25,S3,11.6,14.4,atendido,preferente
TUR041-001201,2025-12-25,S1,3.7,15.1,atendido,ordinaria
TUR041-001202,2025-12-26,S2,11.6,8.4,atendido,ordinaria
TUR041-001203,2025-12-27,S3,12.3,17.9,atendido,ordinaria
TUR041-001204,2025-12-27,S1,9.7,14.4,atendido,ordinaria
TUR041-001205,2025-12-28,S2,8.4,9.0,atendido,preferente
TUR041-001206,2025-12-28,S3,15.5,12.5,atendido,ordinaria
TUR041-001207,2025-12-29,S1,9.4,4.0,atendido,ordinaria
TUR041-001208,2025-12-30,S2,19.8,16.2,atendido,ordinaria
TUR041-001209,2025-12-30,S3,5.1,5.8,atendido,preferente
TUR041-001210,2025-12-31,S1,9.9,16.0,atendido,ordinaria
TUR041-000353,2024-07-31,S2,5.2,7.9,atendido,ordinaria
TUR041-000213,2024-05-08,S3,25.2,6.4,atendido,preferente
TUR041-001170,2025-12-07,S3,8.6,11.7,atendido,ordinaria
TUR041-000730,2025-03-16,S1,5.1,4.5,atendido,ordinaria
