registro_id,grupo_asignado,fecha_asignacion
EXP075-000001,A,2024-01-01
EXP075-000002,B,2024-01-01
EXP075-000003,A,2024-01-01
EXP075-000004,B,2024-01-02
EXP075-000005,A,2024-01-02
EXP075-000006,B,2024-01-02
EXP075-000007,A,2024-01-03
EXP075-000008,A,2024-01-03
EXP075-000009,A,2024-01-03
EXP075-000010,A,2024-01-04
EXP075-000011,A,2024-01-04
EXP075-000012,A,2024-01-04
EXP075-000013,B,2024-01-05
EXP075-000014,B,2024-01-05
EXP075-000015,A,2024-01-05
EXP075-000016,B,2024-01-06
EXP075-000017,A,2024-01-06
EXP075-000018,B,2024-01-06
EXP075-000019,A,2024-01-07
EXP075-000020,B,2024-01-07
EXP075-000021,B,2024-01-07
EXP075-000022,B,2024-01-08
EXP075-000023,B,2024-01-08
EXP075-000024,A,2024-01-09
EXP075-000025,A,2024-01-09
EXP075-000026,A,2024-01-09
EXP075-000027,B,2024-01-10
EXP075-000028,A,2024-01-10
EXP075-000029,B,2024-01-10
EXP075-000030,A,2024-01-11
EXP075-000031,A,2024-01-11
EXP075-000032,A,2024-01-11
EXP075-000033,B,2024-01-12
EXP075-000034,A,2024-01-12
EXP075-000035,B,2024-01-12
EXP075-000036,A,2024-01-13
EXP075-000037,A,2024-01-13
EXP075-000038,B,2024-01-13
EXP075-000039,A,2024-01-14
EXP075-000040,B,2024-01-14
EXP075-000041,A,2024-01-14
EXP075-000042,A,2024-01-15
EXP075-000043,A,2024-01-15
EXP075-000044,A,2024-01-15
EXP075-000045,A,2024-01-16
EXP075-000046,B,2024-01-16
EXP075-000047,A,2024-01-17
EXP075-000048,A,2024-01-17
EXP075-000049,A,2024-01-17
EXP075-000050,B,2024-01-18
EXP075-000051,A,2024-01-18
EXP075-000052,A,2024-01-18
EXP075-000053,A,2024-01-19
EXP075-000054,A,2024-01-19
EXP075-000055,A,2024-01-19
EXP075-000056,A,2024-01-20
EXP075-000057,A,2024-01-20
EXP075-000058,B,2024-01-20
EXP075-000059,B,2024-01-21
EXP075-000060,A,2024-01-21
EXP075-000061,A,2024-01-21
EXP075-000062,A,2024-01-22
EXP075-000063,A,2024-01-22
EXP075-000064,B,2024-01-22
EXP075-000065,A,2024-01-23
EXP075-000066,B,2024-01-23
EXP075-000067,A,2024-01-23
EXP075-000068,A,2024-01-24
EXP075-000069,B,2024-01-24
EXP075-000070,A,2024-01-25
EXP075-000071,B,2024-01-25
EXP075-000072,A,2024-01-25
EXP075-000073,A,2024-01-26
EXP075-000074,A,2024-01-26
EXP075-000075,B,2024-01-26
EXP075-000076,A,2024-01-27
EXP075-000077,B,2024-01-27
EXP075-000078,A,2024-01-27
EXP075-000079,B,2024-01-28
EXP075-000080,A,2024-01-28
EXP075-000081,A,2024-01-28
EXP075-000082,B,2024-01-29
EXP075-000083,B,2024-01-29
EXP075-000084,A,2024-01-29
EXP075-000085,B,2024-01-30
EXP075-000086,B,2024-01-30
EXP075-000087,B,2024-01-30
EXP075-000088,A,2024-01-31
EXP075-000089,A,2024-01-31
EXP075-000090,A,2024-01-31
EXP075-000091,A,2024-02-01
EXP075-000092,A,2024-02-01
EXP075-000093,B,2024-02-02
EXP075-000094,A,2024-02-02
EXP075-000095,A,2024-02-02
EXP075-000096,B,2024-02-03
EXP075-000097,A,2024-02-03
EXP075-000098,A,2024-02-03
EXP075-000099,A,2024-02-04
EXP075-000100,A,2024-02-04
EXP075-000101,B,2024-02-04
EXP075-000102,A,2024-02-05
EXP075-000103,B,2024-02-05
EXP075-000104,A,2024-02-05
EXP075-000105,B,2024-02-06
EXP075-000106,B,2024-02-06
EXP075-000107,B,2024-02-06
EXP075-000108,A,2024-02-07
EXP075-000109,A,2024-02-07
EXP075-000110,A,2024-02-07
EXP075-000111,A,2024-02-08
EXP075-000112,B,2024-02-08
EXP075-000113,A,2024-02-08
EXP075-000114,B,2024-02-09
EXP075-000115,A,2024-02-09
EXP075-000116,A,2024-02-10
EXP075-000117,B,2024-02-10
EXP075-000118,A,2024-02-10
EXP075-000119,B,2024-02-11
EXP075-000120,A,2024-02-11
EXP075-000121,B,2024-02-11
EXP075-000122,A,2024-02-12
EXP075-000123,A,2024-02-12
EXP075-000124,A,2024-02-12
EXP075-000125,A,2024-02-13
EXP075-000126,B,2024-02-13
EXP075-000127,A,2024-02-13
EXP075-000128,B,2024-02-14
EXP075-000129,A,2024-02-14
EXP075-000130,B,2024-02-14
EXP075-000131,B,2024-02-15
EXP075-000132,A,2024-02-15
EXP075-000133,A,2024-02-15
EXP075-000134,B,2024-02-16
EXP075-000135,A,2024-02-16
EXP075-000136,B,2024-02-16
EXP075-000137,B,2024-02-17
EXP075-000138,B,2024-02-17
EXP075-000139,B,2024-02-18
EXP075-000140,B,2024-02-18
EXP075-000141,A,2024-02-18
EXP075-000142,A,2024-02-19
EXP075-000143,A,2024-02-19
EXP075-000144,A,2024-02-19
EXP075-000145,B,2024-02-20
EXP075-000146,A,2024-02-20
EXP075-000147,B,2024-02-20
EXP075-000148,A,2024-02-21
EXP075-000149,B,2024-02-21
EXP075-000150,A,2024-02-21
EXP075-000151,A,2024-02-22
EXP075-000152,B,2024-02-22
EXP075-000153,B,2024-02-22
EXP075-000154,B,2024-02-23
EXP075-000155,A,2024-02-23
EXP075-000156,A,2024-02-23
EXP075-000157,A,2024-02-24
EXP075-000158,B,2024-02-24
EXP075-000159,A,2024-02-24
EXP075-000160,B,2024-02-25
EXP075-000161,B,2024-02-25
EXP075-000162,A,2024-02-26
EXP075-000163,A,2024-02-26
EXP075-000164,B,2024-02-26
EXP075-000165,B,2024-02-27
EXP075-000166,A,2024-02-27
EXP075-000167,B,2024-02-27
EXP075-000168,B,2024-02-28
EXP075-000169,A,2024-02-28
EXP075-000170,B,2024-02-28
EXP075-000171,A,2024-02-29
EXP075-000172,B,2024-02-29
EXP075-000173,B,2024-02-29
EXP075-000174,B,2024-03-01
EXP075-000175,A,2024-03-01
EXP075-000176,B,2024-03-01
EXP075-000177,A,2024-03-02
EXP075-000178,A,2024-03-02
EXP075-000179,B,2024-03-02
EXP075-000180,B,2024-03-03
EXP075-000181,B,2024-03-03
EXP075-000182,A,2024-03-04
EXP075-000183,A,2024-03-04
EXP075-000184,A,2024-03-04
EXP075-000185,A,2024-03-05
EXP075-000186,B,2024-03-05
EXP075-000187,B,2024-03-05
EXP075-000188,A,2024-03-06
EXP075-000189,B,2024-03-06
EXP075-000190,A,2024-03-06
EXP075-000191,B,2024-03-07
EXP075-000192,A,2024-03-07
EXP075-000193,A,2024-03-07
EXP075-000194,A,2024-03-08
EXP075-000195,A,2024-03-08
EXP075-000196,B,2024-03-08
EXP075-000197,A,2024-03-09
EXP075-000198,A,2024-03-09
EXP075-000199,A,2024-03-09
EXP075-000200,B,2024-03-10
EXP075-000201,B,2024-03-10
EXP075-000202,A,2024-03-10
EXP075-000203,B,2024-03-11
EXP075-000204,B,2024-03-11
EXP075-000205,A,2024-03-12
EXP075-000206,A,2024-03-12
EXP075-000207,B,2024-03-12
EXP075-000208,B,2024-03-13
EXP075-000209,A,2024-03-13
EXP075-000210,B,2024-03-13
EXP075-000211,B,2024-03-14
EXP075-000212,B,2024-03-14
EXP075-000213,A,2024-03-14
EXP075-000214,B,2024-03-15
EXP075-000215,B,2024-03-15
EXP075-000216,B,2024-03-15
EXP075-000217,A,2024-03-16
EXP075-000218,B,2024-03-16
EXP075-000219,B,2024-03-16
EXP075-000220,A,2024-03-17
EXP075-000221,A,2024-03-17
EXP075-000222,A,2024-03-17
EXP075-000223,A,2024-03-18
EXP075-000224,A,2024-03-18
EXP075-000225,B,2024-03-18
EXP075-000226,A,2024-03-19
EXP075-000227,A,2024-03-19
EXP075-000228,B,2024-03-20
EXP075-000229,A,2024-03-20
EXP075-000230,B,2024-03-20
EXP075-000231,B,2024-03-21
EXP075-000232,B,2024-03-21
EXP075-000233,A,2024-03-21
EXP075-000234,A,2024-03-22
EXP075-000235,A,2024-03-22
EXP075-000236,B,2024-03-22
EXP075-000237,A,2024-03-23
EXP075-000238,A,2024-03-23
EXP075-000239,A,2024-03-23
EXP075-000240,B,2024-03-24
EXP075-000241,A,2024-03-24
EXP075-000242,B,2024-03-24
EXP075-000243,B,2024-03-25
EXP075-000244,A,2024-03-25
EXP075-000245,B,2024-03-25
EXP075-000246,A,2024-03-26
EXP075-000247,A,2024-03-26
EXP075-000248,A,2024-03-26
EXP075-000249,A,2024-03-27
EXP075-000250,A,2024-03-27
EXP075-000251,B,2024-03-28
EXP075-000252,B,2024-03-28
EXP075-000253,A,2024-03-28
EXP075-000254,B,2024-03-29
EXP075-000255,B,2024-03-29
EXP075-000256,B,2024-03-29
EXP075-000257,B,2024-03-30
EXP075-000258,A,2024-03-30
EXP075-000259,B,2024-03-30
EXP075-000260,B,2024-03-31
EXP075-000261,A,2024-03-31
EXP075-000262,B,2024-03-31
EXP075-000263,A,2024-04-01
EXP075-000264,B,2024-04-01
EXP075-000265,A,2024-04-01
EXP075-000266,B,2024-04-02
EXP075-000267,A,2024-04-02
EXP075-000268,B,2024-04-02
EXP075-000269,A,2024-04-03
EXP075-000270,B,2024-04-03
EXP075-000271,A,2024-04-03
EXP075-000272,A,2024-04-04
EXP075-000273,A,2024-04-04
EXP075-000274,B,2024-04-05
EXP075-000275,B,2024-04-05
EXP075-000276,A,2024-04-05
EXP075-000277,A,2024-04-06
EXP075-000278,B,2024-04-06
EXP075-000279,B,2024-04-06
EXP075-000280,B,2024-04-07
EXP075-000281,B,2024-04-07
EXP075-000282,B,2024-04-07
EXP075-000283,A,2024-04-08
EXP075-000284,A,2024-04-08
EXP075-000285,A,2024-04-08
EXP075-000286,A,2024-04-09
EXP075-000287,A,2024-04-09
EXP075-000288,A,2024-04-09
EXP075-000289,B,2024-04-10
EXP075-000290,A,2024-04-10
EXP075-000291,B,2024-04-10
EXP075-000292,B,2024-04-11
EXP075-000293,B,2024-04-11
EXP075-000294,A,2024-04-11
EXP075-000295,B,2024-04-12
EXP075-000296,B,2024-04-12
EXP075-000297,A,2024-04-13
EXP075-000298,A,2024-04-13
EXP075-000299,A,2024-04-13
EXP075-000300,A,2024-04-14
EXP075-000301,A,2024-04-14
EXP075-000302,B,2024-04-14
EXP075-000303,A,2024-04-15
EXP075-000304,B,2024-04-15
EXP075-000305,B,2024-04-15
EXP075-000306,B,2024-04-16
EXP075-000307,B,2024-04-16
EXP075-000308,A,2024-04-16
EXP075-000309,B,2024-04-17
EXP075-000310,B,2024-04-17
EXP075-000311,A,2024-04-17
EXP075-000312,B,2024-04-18
EXP075-000313,B,2024-04-18
EXP075-000314,A,2024-04-18
EXP075-000315,A,2024-04-19
EXP075-000316,A,2024-04-19
EXP075-000317,A,2024-04-19
EXP075-000318,A,2024-04-20
EXP075-000319,B,2024-04-20
EXP075-000320,A,2024-04-21
EXP075-000321,A,2024-04-21
EXP075-000322,B,2024-04-21
EXP075-000323,A,2024-04-22
EXP075-000324,A,2024-04-22
EXP075-000325,A,2024-04-22
EXP075-000326,A,2024-04-23
EXP075-000327,B,2024-04-23
EXP075-000328,A,2024-04-23
EXP075-000329,A,2024-04-24
EXP075-000330,A,2024-04-24
EXP075-000331,A,2024-04-24
EXP075-000332,B,2024-04-25
EXP075-000333,A,2024-04-25
EXP075-000334,A,2024-04-25
EXP075-000335,B,2024-04-26
EXP075-000336,B,2024-04-26
EXP075-000337,A,2024-04-26
EXP075-000338,A,2024-04-27
EXP075-000339,A,2024-04-27
EXP075-000340,A,2024-04-28
EXP075-000341,B,2024-04-28
EXP075-000342,A,2024-04-28
EXP075-000343,B,2024-04-29
EXP075-000344,B,2024-04-29
EXP075-000345,A,2024-04-29
EXP075-000346,A,2024-04-30
EXP075-000347,A,2024-04-30
EXP075-000348,B,2024-04-30
EXP075-000349,B,2024-05-01
EXP075-000350,A,2024-05-01
EXP075-000351,B,2024-05-01
EXP075-000352,A,2024-05-02
EXP075-000353,A,2024-05-02
EXP075-000354,B,2024-05-02
EXP075-000355,A,2024-05-03
EXP075-000356,A,2024-05-03
EXP075-000357,A,2024-05-03
EXP075-000358,B,2024-05-04
EXP075-000359,A,2024-05-04
EXP075-000360,B,2024-05-04
EXP075-000361,B,2024-05-05
EXP075-000362,B,2024-05-05
EXP075-000363,B,2024-05-06
EXP075-000364,A,2024-05-06
EXP075-000365,A,2024-05-06
EXP075-000366,A,2024-05-07
EXP075-000367,A,2024-05-07
EXP075-000368,A,2024-05-07
EXP075-000369,A,2024-05-08
EXP075-000370,B,2024-05-08
EXP075-000371,B,2024-05-08
EXP075-000372,A,2024-05-09
EXP075-000373,B,2024-05-09
EXP075-000374,B,2024-05-09
EXP075-000375,B,2024-05-10
EXP075-000376,A,2024-05-10
EXP075-000377,B,2024-05-10
EXP075-000378,A,2024-05-11
EXP075-000379,A,2024-05-11
EXP075-000380,B,2024-05-11
EXP075-000381,A,2024-05-12
EXP075-000382,B,2024-05-12
EXP075-000383,B,2024-05-12
EXP075-000384,B,2024-05-13
EXP075-000385,A,2024-05-13
EXP075-000386,B,2024-05-14
EXP075-000387,B,2024-05-14
EXP075-000388,A,2024-05-14
EXP075-000389,A,2024-05-15
EXP075-000390,A,2024-02-30
EXP075-000391,B,2024-05-15
EXP075-000392,B,2024-05-16
EXP075-000393,A,2024-05-16
EXP075-000394,B,2024-05-16
EXP075-000395,B,2024-05-17
EXP075-000396,A,2024-05-17
EXP075-000397,A,2024-05-17
EXP075-000398,B,2024-05-18
EXP075-000399,A,2024-05-18
EXP075-000400,A,2024-05-18
EXP075-000401,A,2024-05-19
EXP075-000402,A,2024-05-19
EXP075-000403,B,2024-05-19
EXP075-000404,A,2024-05-20
EXP075-000405,A,2024-05-20
EXP075-000406,B,2024-05-20
EXP075-000407,A,2024-05-21
EXP075-000408,B,2024-05-21
EXP075-000409,A,2024-05-22
EXP075-000410,A,2024-05-22
EXP075-000411,B,2024-05-22
EXP075-000412,B,2024-05-23
EXP075-000413,A,2024-05-23
EXP075-000414,A,2024-05-23
EXP075-000415,A,2024-05-24
EXP075-000416,A,2024-05-24
EXP075-000417,A,2024-05-24
EXP075-000418,B,2024-05-25
EXP075-000419,B,2024-05-25
EXP075-000420,A,2024-05-25
EXP075-000421,B,2024-05-26
EXP075-000422,A,2024-05-26
EXP075-000423,B,2024-05-26
EXP075-000424,B,2024-05-27
EXP075-000425,B,2024-05-27
EXP075-000426,B,2024-05-27
EXP075-000427,B,2024-05-28
EXP075-000428,B,2024-05-28
EXP075-000429,B,2024-05-28
EXP075-000430,A,2024-05-29
EXP075-000431,A,2024-05-29
EXP075-000432,A,2024-05-30
EXP075-000433,A,2024-05-30
EXP075-000434,A,2024-05-30
EXP075-000435,B,2024-05-31
EXP075-000436,B,2024-05-31
EXP075-000437,B,2024-05-31
EXP075-000438,A,2024-06-01
EXP075-000439,A,2024-06-01
EXP075-000440,A,2024-06-01
EXP075-000441,A,2024-06-02
EXP075-000442,A,2024-06-02
EXP075-000443,A,2024-06-02
EXP075-000444,A,2024-06-03
EXP075-000445,A,2024-06-03
EXP075-000446,A,2024-06-03
EXP075-000447,B,2024-06-04
EXP075-000448,A,2024-06-04
EXP075-000449,A,2024-06-04
EXP075-000450,B,2024-06-05
EXP075-000451,B,2024-06-05
EXP075-000452,B,2024-06-05
EXP075-000453,B,2024-06-06
EXP075-000454,A,2024-06-06
EXP075-000455,A,2024-06-07
EXP075-000456,A,2024-06-07
EXP075-000457,B,2024-06-07
EXP075-000458,B,2024-06-08
EXP075-000459,B,2024-06-08
EXP075-000460,A,2024-06-08
EXP075-000461,B,2024-06-09
EXP075-000462,A,2024-06-09
EXP075-000463,A,2024-06-09
EXP075-000464,A,2024-06-10
EXP075-000465,A,2024-06-10
EXP075-000466,B,2024-06-10
EXP075-000467,B,2024-06-11
EXP075-000468,A,2024-06-11
EXP075-000469,B,2024-06-11
EXP075-000470,A,2024-06-12
EXP075-000471,B,2024-06-12
EXP075-000472,A,2024-06-12
EXP075-000473,A,2024-06-13
EXP075-000474,B,2024-06-13
EXP075-000475,B,2024-06-13
EXP075-000476,A,2024-06-14
EXP075-000477,B,2024-06-14
EXP075-000478,B,2024-06-15
EXP075-000479,B,2024-06-15
EXP075-000480,B,2024-06-15
EXP075-000481,B,2024-06-16
EXP075-000482,A,2024-06-16
EXP075-000483,A,2024-06-16
EXP075-000484,B,2024-06-17
EXP075-000485,B,2024-06-17
EXP075-000486,A,2024-06-17
EXP075-000487,A,2024-06-18
EXP075-000488,A,2024-06-18
EXP075-000489,B,2024-06-18
EXP075-000490,A,2024-06-19
EXP075-000491,A,2024-06-19
EXP075-000492,A,2024-06-19
EXP075-000493,B,2024-06-20
EXP075-000494,A,2024-06-20
EXP075-000495,A,2024-06-20
EXP075-000496,B,2024-06-21
EXP075-000497,A,2024-06-21
EXP075-000498,B,2024-06-22
EXP075-000499,A,2024-06-22
EXP075-000500,B,2024-06-22
EXP075-000501,A,2024-06-23
EXP075-000502,B,2024-06-23
EXP075-000503,A,2024-06-23
EXP075-000504,B,2024-06-24
EXP075-000505,B,2024-06-24
EXP075-000506,A,2024-06-24
EXP075-000507,A,2024-06-25
EXP075-000508,A,2024-06-25
EXP075-000509,B,2024-06-25
EXP075-000510,B,2024-06-26
EXP075-000511,B,2024-06-26
EXP075-000512,A,2024-06-26
EXP075-000513,A,2024-06-27
EXP075-000514,A,2024-06-27
EXP075-000515,B,2024-06-27
EXP075-000516,A,2024-06-28
EXP075-000517,A,2024-06-28
EXP075-000518,A,2024-06-28
EXP075-000519,B,2024-06-29
EXP075-000520,B,2024-06-29
EXP075-000521,B,2024-06-30
EXP075-000522,B,2024-06-30
EXP075-000523,B,2024-06-30
EXP075-000524,B,2024-07-01
EXP075-000525,B,2024-07-01
EXP075-000526,B,2024-07-01
EXP075-000527,B,2024-07-02
EXP075-000528,A,2024-07-02
EXP075-000529,B,2024-07-02
EXP075-000530,A,2024-07-03
EXP075-000531,A,2024-07-03
EXP075-000532,B,2024-07-03
EXP075-000533,B,2024-07-04
EXP075-000534,B,2024-07-04
EXP075-000535,B,2024-07-04
EXP075-000536,A,2024-07-05
EXP075-000537,B,2024-07-05
EXP075-000538,B,2024-07-05
EXP075-000539,B,2024-07-06
EXP075-000540,A,2024-07-06
EXP075-000541,A,2024-07-06
EXP075-000542,A,2024-07-07
EXP075-000543,B,2024-07-07
EXP075-000544,B,2024-07-08
EXP075-000545,B,2024-07-08
EXP075-000546,A,2024-07-08
EXP075-000547,A,2024-07-09
EXP075-000548,A,2024-07-09
EXP075-000549,B,2024-07-09
EXP075-000550,B,2024-07-10
EXP075-000551,A,2024-07-10
EXP075-000552,A,2024-07-10
EXP075-000553,B,2024-07-11
EXP075-000554,A,2024-07-11
EXP075-000555,A,2024-07-11
EXP075-000556,B,2024-07-12
EXP075-000557,B,2024-07-12
EXP075-000558,B,2024-07-12
EXP075-000559,B,2024-07-13
EXP075-000560,B,2024-07-13
EXP075-000561,B,2024-07-13
EXP075-000562,A,2024-07-14
EXP075-000563,B,2024-07-14
EXP075-000564,A,2024-07-14
EXP075-000565,B,2024-07-15
EXP075-000566,A,2024-07-15
EXP075-000567,B,2024-07-16
EXP075-000568,B,2024-07-16
EXP075-000569,B,2024-07-16
EXP075-000570,B,2024-07-17
EXP075-000571,A,2024-07-17
EXP075-000572,A,2024-07-17
EXP075-000573,A,2024-07-18
EXP075-000574,B,2024-07-18
EXP075-000575,A,2024-07-18
EXP075-000576,B,2024-07-19
EXP075-000577,B,2024-07-19
EXP075-000578,B,2024-07-19
EXP075-000579,A,2024-07-20
EXP075-000580,B,2024-07-20
EXP075-000581,A,2024-07-20
EXP075-000582,B,2024-07-21
EXP075-000583,A,2024-07-21
EXP075-000584,A,2024-07-21
EXP075-000585,A,2024-07-22
EXP075-000586,B,2024-07-22
EXP075-000587,A,2024-07-22
EXP075-000588,A,2024-07-23
EXP075-000589,A,2024-07-23
EXP075-000590,B,2024-07-24
EXP075-000591,B,2024-07-24
EXP075-000592,A,2024-07-24
EXP075-000593,B,2024-07-25
EXP075-000594,B,2024-07-25
EXP075-000595,A,2024-07-25
EXP075-000596,A,2024-07-26
EXP075-000597,B,2024-07-26
EXP075-000598,B,2024-07-26
EXP075-000599,A,2024-07-27
EXP075-000600,B,2024-07-27
EXP075-000601,B,2024-07-27
EXP075-000602,A,2024-07-28
EXP075-000603,B,2024-07-28
EXP075-000604,A,2024-07-28
EXP075-000605,A,2024-07-29
EXP075-000606,B,2024-07-29
EXP075-000607,B,2024-07-29
EXP075-000608,A,2024-07-30
EXP075-000609,A,2024-07-30
EXP075-000610,B,2024-07-30
EXP075-000611,B,2024-07-31
EXP075-000612,A,2024-07-31
EXP075-000613,A,2024-08-01
EXP075-000614,A,2024-08-01
EXP075-000615,B,2024-08-01
EXP075-000616,A,2024-08-02
EXP075-000617,A,2024-08-02
EXP075-000618,B,2024-08-02
EXP075-000619,B,2024-08-03
EXP075-000620,B,2024-08-03
EXP075-000621,B,2024-08-03
EXP075-000622,B,2024-08-04
EXP075-000623,B,2024-08-04
EXP075-000624,A,2024-08-04
EXP075-000625,A,2024-08-05
EXP075-000626,B,2024-08-05
EXP075-000627,B,2024-08-05
EXP075-000628,B,2024-08-06
EXP075-000629,A,2024-08-06
EXP075-000630,A,2024-08-06
EXP075-000631,A,2024-08-07
EXP075-000632,B,2024-08-07
EXP075-000633,A,2024-08-07
EXP075-000634,A,2024-08-08
EXP075-000635,A,2024-08-08
EXP075-000636,B,2024-08-09
EXP075-000637,A,2024-08-09
EXP075-000638,A,2024-08-09
EXP075-000639,B,2024-08-10
EXP075-000640,B,2024-08-10
EXP075-000641,B,2024-08-10
EXP075-000642,B,2024-08-11
EXP075-000643,A,2024-08-11
EXP075-000644,A,2024-08-11
EXP075-000645,B,2024-08-12
EXP075-000646,B,2024-08-12
EXP075-000647,B,2024-08-12
EXP075-000648,A,2024-08-13
EXP075-000649,B,2024-08-13
EXP075-000650,B,2024-08-13
EXP075-000651,A,2024-08-14
EXP075-000652,B,2024-08-14
EXP075-000653,A,2024-08-14
EXP075-000654,A,2024-08-15
EXP075-000655,B,2024-08-15
EXP075-000656,A,2024-08-16
EXP075-000657,B,2024-08-16
EXP075-000658,B,2024-08-16
EXP075-000659,A,2024-08-17
EXP075-000660,A,2024-08-17
EXP075-000661,A,2024-08-17
EXP075-000662,A,2024-08-18
EXP075-000663,B,2024-08-18
EXP075-000664,A,2024-08-18
EXP075-000665,B,2024-08-19
EXP075-000666,A,2024-08-19
EXP075-000667,B,2024-08-19
EXP075-000668,A,2024-08-20
EXP075-000669,A,2024-08-20
EXP075-000670,A,2024-08-20
EXP075-000671,A,2024-08-21
EXP075-000672,A,2024-08-21
EXP075-000673,B,2024-08-21
EXP075-000674,A,2024-08-22
EXP075-000675,A,2024-08-22
EXP075-000676,B,2024-08-22
EXP075-000677,A,2024-08-23
EXP075-000678,A,2024-08-23
EXP075-000679,B,2024-08-24
EXP075-000680,B,2024-08-24
EXP075-000681,B,2024-08-24
EXP075-000682,A,2024-08-25
EXP075-000683,A,2024-08-25
EXP075-000684,A,2024-08-25
EXP075-000685,A,2024-08-26
EXP075-000686,B,2024-08-26
EXP075-000687,B,2024-08-26
EXP075-000688,A,2024-08-27
EXP075-000689,A,2024-08-27
EXP075-000690,A,2024-08-27
EXP075-000691,A,2024-08-28
EXP075-000692,B,2024-08-28
EXP075-000693,B,2024-08-28
EXP075-000694,A,2024-08-29
EXP075-000695,A,2024-08-29
EXP075-000696,B,2024-08-29
EXP075-000697,A,2024-08-30
EXP075-000698,A,2024-08-30
EXP075-000699,B,2024-08-30
EXP075-000700,A,2024-08-31
EXP075-000701,B,2024-08-31
EXP075-000702,B,2024-09-01
EXP075-000703,A,2024-09-01
EXP075-000704,A,2024-09-01
EXP075-000705,B,2024-09-02
EXP075-000706,A,2024-09-02
EXP075-000707,A,2024-09-02
EXP075-000708,B,2024-09-03
EXP075-000709,A,2024-09-03
EXP075-000710,A,2024-09-03
EXP075-000711,B,2024-09-04
EXP075-000712,B,2024-09-04
EXP075-000713,B,2024-09-04
EXP075-000714,B,2024-09-05
EXP075-000715,A,2024-09-05
EXP075-000716,B,2024-09-05
EXP075-000717,A,2024-09-06
EXP075-000718,A,2024-09-06
EXP075-000719,B,2024-09-06
EXP075-000720,A,2024-09-07
EXP075-000721,B,2024-09-07
EXP075-000722,B,2024-09-07
EXP075-000723,B,2024-09-08
EXP075-000724,B,2024-09-08
EXP075-000725,A,2024-09-09
EXP075-000726,B,2024-09-09
EXP075-000727,B,2024-09-09
EXP075-000728,A,2024-09-10
EXP075-000729,B,2024-09-10
EXP075-000730,B,2024-09-10
EXP075-000731,B,2024-09-11
EXP075-000732,A,2024-09-11
EXP075-000733,A,2024-09-11
EXP075-000734,B,2024-09-12
EXP075-000735,A,2024-09-12
EXP075-000736,B,2024-09-12
EXP075-000737,B,2024-09-13
EXP075-000738,B,2024-09-13
EXP075-000739,B,2024-09-13
EXP075-000740,A,2024-09-14
EXP075-000741,B,2024-09-14
EXP075-000742,A,2024-09-14
EXP075-000743,B,2024-09-15
EXP075-000744,B,2024-09-15
EXP075-000745,A,2024-09-15
EXP075-000746,A,2024-09-16
EXP075-000747,A,2024-09-16
EXP075-000748,B,2024-09-17
EXP075-000749,A,2024-09-17
EXP075-000750,B,2024-09-17
EXP075-000751,B,2024-09-18
EXP075-000752,A,2024-09-18
EXP075-000753,A,2024-09-18
EXP075-000754,A,2024-09-19
EXP075-000755,B,2024-09-19
EXP075-000756,B,2024-09-19
EXP075-000757,B,2024-09-20
EXP075-000758,B,2024-09-20
EXP075-000759,B,2024-09-20
EXP075-000760,A,2024-09-21
EXP075-000761,A,2024-09-21
EXP075-000762,B,2024-09-21
EXP075-000763,B,2024-09-22
EXP075-000764,B,2024-09-22
EXP075-000765,B,2024-09-22
EXP075-000766,A,2024-09-23
EXP075-000767,B,2024-09-23
EXP075-000768,A,2024-09-23
EXP075-000769,B,2024-09-24
EXP075-000770,A,2024-09-24
EXP075-000771,A,2024-09-25
EXP075-000772,A,2024-09-25
EXP075-000773,A,2024-09-25
EXP075-000774,B,2024-09-26
EXP075-000775,B,2024-09-26
EXP075-000776,A,2024-09-26
EXP075-000777,A,2024-09-27
EXP075-000778,B,2024-09-27
EXP075-000779,A,2024-02-30
EXP075-000780,A,2024-09-28
EXP075-000781,A,2024-09-28
EXP075-000782,B,2024-09-28
EXP075-000783,A,2024-09-29
EXP075-000784,A,2024-09-29
EXP075-000785,A,2024-09-29
EXP075-000786,A,2024-09-30
EXP075-000787,B,2024-09-30
EXP075-000788,A,2024-09-30
EXP075-000789,A,2024-10-01
EXP075-000790,B,2024-10-01
EXP075-000791,A,2024-10-01
EXP075-000792,A,2024-10-02
EXP075-000793,B,2024-10-02
EXP075-000794,B,2024-10-03
EXP075-000795,B,2024-10-03
EXP075-000796,A,2024-10-03
EXP075-000797,A,2024-10-04
EXP075-000798,B,2024-10-04
EXP075-000799,B,2024-10-04
EXP075-000800,A,2024-10-05
EXP075-000801,B,2024-10-05
EXP075-000802,B,2024-10-05
EXP075-000803,B,2024-10-06
EXP075-000804,A,2024-10-06
EXP075-000805,A,2024-10-06
EXP075-000806,A,2024-10-07
EXP075-000807,B,2024-10-07
EXP075-000808,B,2024-10-07
EXP075-000809,B,2024-10-08
EXP075-000810,B,2024-10-08
EXP075-000811,B,2024-10-08
EXP075-000812,B,2024-10-09
EXP075-000813,B,2024-10-09
EXP075-000814,A,2024-10-10
EXP075-000815,A,2024-10-10
EXP075-000816,A,2024-10-10
EXP075-000817,B,2024-10-11
EXP075-000818,B,2024-10-11
EXP075-000819,B,2024-10-11
EXP075-000820,A,2024-10-12
EXP075-000821,A,2024-10-12
EXP075-000822,B,2024-10-12
EXP075-000823,A,2024-10-13
EXP075-000824,A,2024-10-13
EXP075-000825,B,2024-10-13
EXP075-000826,A,2024-10-14
EXP075-000827,B,2024-10-14
EXP075-000828,A,2024-10-14
EXP075-000829,B,2024-10-15
EXP075-000830,A,2024-10-15
EXP075-000831,A,2024-10-15
EXP075-000832,B,2024-10-16
EXP075-000833,A,2024-10-16
EXP075-000834,B,2024-10-16
EXP075-000835,A,2024-10-17
EXP075-000836,B,2024-10-17
EXP075-000837,B,2024-10-18
EXP075-000838,B,2024-10-18
EXP075-000839,B,2024-10-18
EXP075-000840,B,2024-10-19
EXP075-000841,A,2024-10-19
EXP075-000842,A,2024-10-19
EXP075-000843,B,2024-10-20
EXP075-000844,A,2024-10-20
EXP075-000845,A,2024-10-20
EXP075-000846,A,2024-10-21
EXP075-000847,A,2024-10-21
EXP075-000848,B,2024-10-21
EXP075-000849,B,2024-10-22
EXP075-000850,A,2024-10-22
EXP075-000851,B,2024-10-22
EXP075-000852,A,2024-10-23
EXP075-000853,B,2024-10-23
EXP075-000854,A,2024-10-23
EXP075-000855,B,2024-10-24
EXP075-000856,A,2024-10-24
EXP075-000857,B,2024-10-24
EXP075-000858,B,2024-10-25
EXP075-000859,A,2024-10-25
EXP075-000860,B,2024-10-26
EXP075-000861,B,2024-10-26
EXP075-000862,A,2024-10-26
EXP075-000863,A,2024-10-27
EXP075-000864,A,2024-10-27
EXP075-000865,A,2024-10-27
EXP075-000866,B,2024-10-28
EXP075-000867,B,2024-10-28
EXP075-000868,B,2024-10-28
EXP075-000869,B,2024-10-29
EXP075-000870,A,2024-10-29
EXP075-000871,A,2024-10-29
EXP075-000872,A,2024-10-30
EXP075-000873,B,2024-10-30
EXP075-000874,B,2024-10-30
EXP075-000875,B,2024-10-31
EXP075-000876,B,2024-10-31
EXP075-000877,B,2024-10-31
EXP075-000878,B,2024-11-01
EXP075-000879,B,2024-11-01
EXP075-000880,B,2024-11-01
EXP075-000881,A,2024-11-02
EXP075-000882,B,2024-11-02
EXP075-000883,B,2024-11-03
EXP075-000884,B,2024-11-03
EXP075-000885,A,2024-11-03
EXP075-000886,B,2024-11-04
EXP075-000887,B,2024-11-04
EXP075-000888,A,2024-11-04
EXP075-000889,B,2024-11-05
EXP075-000890,B,2024-11-05
EXP075-000891,B,2024-11-05
EXP075-000892,B,2024-11-06
EXP075-000893,B,2024-11-06
EXP075-000894,A,2024-11-06
EXP075-000895,A,2024-11-07
EXP075-000896,B,2024-11-07
EXP075-000897,A,2024-11-07
EXP075-000898,B,2024-11-08
EXP075-000899,B,2024-11-08
EXP075-000900,B,2024-11-08
EXP075-000901,A,2024-11-09
EXP075-000902,B,2024-11-09
EXP075-000903,A,2024-11-09
EXP075-000904,B,2024-11-10
EXP075-000905,A,2024-11-10
EXP075-000906,A,2024-11-11
EXP075-000907,B,2024-11-11
EXP075-000908,B,2024-11-11
EXP075-000909,B,2024-11-12
EXP075-000910,B,2024-11-12
EXP075-000911,B,2024-11-12
EXP075-000912,B,2024-11-13
EXP075-000913,A,2024-11-13
EXP075-000914,A,2024-11-13
EXP075-000915,A,2024-11-14
EXP075-000916,A,2024-11-14
EXP075-000917,B,2024-11-14
EXP075-000918,B,2024-11-15
EXP075-000919,A,2024-11-15
EXP075-000920,B,2024-11-15
EXP075-000921,A,2024-11-16
EXP075-000922,A,2024-11-16
EXP075-000923,B,2024-11-16
EXP075-000924,A,2024-11-17
EXP075-000925,B,2024-11-17
EXP075-000926,A,2024-11-17
EXP075-000927,A,2024-11-18
EXP075-000928,B,2024-11-18
EXP075-000929,A,2024-11-19
EXP075-000930,B,2024-11-19
EXP075-000931,A,2024-11-19
EXP075-000932,A,2024-11-20
EXP075-000933,A,2024-11-20
EXP075-000934,B,2024-11-20
EXP075-000935,B,2024-11-21
EXP075-000936,B,2024-11-21
EXP075-000937,B,2024-11-21
EXP075-000938,A,2024-11-22
EXP075-000939,A,2024-11-22
EXP075-000940,A,2024-11-22
EXP075-000941,A,2024-11-23
EXP075-000942,A,2024-11-23
EXP075-000943,A,2024-11-23
EXP075-000944,B,2024-11-24
EXP075-000945,A,2024-11-24
EXP075-000946,B,2024-11-24
EXP075-000947,A,2024-11-25
EXP075-000948,B,2024-11-25
EXP075-000949,B,2024-11-25
EXP075-000950,A,2024-11-26
EXP075-000951,A,2024-11-26
EXP075-000952,B,2024-11-27
EXP075-000953,B,2024-11-27
EXP075-000954,A,2024-11-27
EXP075-000955,B,2024-11-28
EXP075-000956,A,2024-11-28
EXP075-000957,B,2024-11-28
EXP075-000958,B,2024-11-29
EXP075-000959,B,2024-11-29
EXP075-000960,A,2024-11-29
EXP075-000961,A,2024-11-30
EXP075-000962,A,2024-11-30
EXP075-000963,A,2024-11-30
EXP075-000964,A,2024-12-01
EXP075-000965,B,2024-12-01
EXP075-000966,A,2024-12-01
EXP075-000967,A,2024-12-02
EXP075-000968,A,2024-12-02
EXP075-000969,A,2024-12-02
EXP075-000970,B,2024-12-03
EXP075-000971,A,2024-12-03
EXP075-000972,B,2024-12-04
EXP075-000973,B,2024-12-04
EXP075-000974,B,2024-12-04
EXP075-000975,B,2024-12-05
EXP075-000976,B,2024-12-05
EXP075-000977,A,2024-12-05
EXP075-000978,B,2024-12-06
EXP075-000979,A,2024-12-06
EXP075-000980,B,2024-12-06
EXP075-000981,B,2024-12-07
EXP075-000982,B,2024-12-07
EXP075-000983,A,2024-12-07
EXP075-000984,A,2024-12-08
EXP075-000985,A,2024-12-08
EXP075-000986,A,2024-12-08
EXP075-000987,A,2024-12-09
EXP075-000988,A,2024-12-09
EXP075-000989,A,2024-12-09
EXP075-000990,B,2024-12-10
EXP075-000991,B,2024-12-10
EXP075-000992,B,2024-12-10
EXP075-000993,B,2024-12-11
EXP075-000994,A,2024-12-11
EXP075-000995,B,2024-12-12
EXP075-000996,A,2024-12-12
EXP075-000997,A,2024-12-12
EXP075-000998,B,2024-12-13
EXP075-000999,A,2024-12-13
EXP075-001000,B,2024-12-13
EXP075-001001,A,2024-12-14
EXP075-001002,B,2024-12-14
EXP075-001003,B,2024-12-14
EXP075-001004,B,2024-12-15
EXP075-001005,A,2024-12-15
EXP075-001006,A,2024-12-15
EXP075-001007,A,2024-12-16
EXP075-001008,A,2024-12-16
EXP075-001009,A,2024-12-16
EXP075-001010,A,2024-12-17
EXP075-001011,A,2024-12-17
EXP075-001012,A,2024-12-17
EXP075-001013,B,2024-12-18
EXP075-001014,B,2024-12-18
EXP075-001015,B,2024-12-18
EXP075-001016,B,2024-12-19
EXP075-001017,B,2024-12-19
EXP075-001018,B,2024-12-20
EXP075-001019,A,2024-12-20
EXP075-001020,A,2024-12-20
EXP075-001021,A,2024-12-21
EXP075-001022,B,2024-12-21
EXP075-001023,B,2024-12-21
EXP075-001024,B,2024-12-22
EXP075-001025,B,2024-12-22
EXP075-001026,B,2024-12-22
EXP075-001027,A,2024-12-23
EXP075-001028,A,2024-12-23
EXP075-001029,B,2024-12-23
EXP075-001030,A,2024-12-24
EXP075-001031,B,2024-12-24
EXP075-001032,A,2024-12-24
EXP075-001033,A,2024-12-25
EXP075-001034,A,2024-12-25
EXP075-001035,B,2024-12-25
EXP075-001036,B,2024-12-26
EXP075-001037,A,2024-12-26
EXP075-001038,A,2024-12-26
EXP075-001039,A,2024-12-27
EXP075-001040,B,2024-12-27
EXP075-001041,A,2024-12-28
EXP075-001042,A,2024-12-28
EXP075-001043,A,2024-12-28
EXP075-001044,B,2024-12-29
EXP075-001045,A,2024-12-29
EXP075-001046,A,2024-12-29
EXP075-001047,A,2024-12-30
EXP075-001048,B,2024-12-30
EXP075-001049,B,2024-12-30
EXP075-001050,B,2024-12-31
EXP075-001051,B,2024-12-31
EXP075-001052,B,2024-12-31
EXP075-001053,B,2025-01-01
EXP075-001054,B,2025-01-01
EXP075-001055,B,2025-01-01
EXP075-001056,A,2025-01-02
EXP075-001057,B,2025-01-02
EXP075-001058,A,2025-01-02
EXP075-001059,A,2025-01-03
EXP075-001060,B,2025-01-03
EXP075-001061,A,2025-01-03
EXP075-001062,B,2025-01-04
EXP075-001063,B,2025-01-04
EXP075-001064,A,2025-01-05
EXP075-001065,B,2025-01-05
EXP075-001066,B,2025-01-05
EXP075-001067,A,2025-01-06
EXP075-001068,B,2025-01-06
EXP075-001069,A,2025-01-06
EXP075-001070,A,2025-01-07
EXP075-001071,B,2025-01-07
EXP075-001072,B,2025-01-07
EXP075-001073,B,2025-01-08
EXP075-001074,B,2025-01-08
EXP075-001075,A,2025-01-08
EXP075-001076,A,2025-01-09
EXP075-001077,B,2025-01-09
EXP075-001078,B,2025-01-09
EXP075-001079,A,2025-01-10
EXP075-001080,A,2025-01-10
EXP075-001081,B,2025-01-10
EXP075-001082,B,2025-01-11
EXP075-001083,A,2025-01-11
EXP075-001084,B,2025-01-11
EXP075-001085,B,2025-01-12
EXP075-001086,A,2025-01-12
EXP075-001087,B,2025-01-13
EXP075-001088,B,2025-01-13
EXP075-001089,A,2025-01-13
EXP075-001090,A,2025-01-14
EXP075-001091,A,2025-01-14
EXP075-001092,B,2025-01-14
EXP075-001093,B,2025-01-15
EXP075-001094,B,2025-01-15
EXP075-001095,A,2025-01-15
EXP075-001096,A,2025-01-16
EXP075-001097,B,2025-01-16
EXP075-001098,A,2025-01-16
EXP075-001099,A,2025-01-17
EXP075-001100,A,2025-01-17
EXP075-001101,B,2025-01-17
EXP075-001102,A,2025-01-18
EXP075-001103,B,2025-01-18
EXP075-001104,B,2025-01-18
EXP075-001105,B,2025-01-19
EXP075-001106,B,2025-01-19
EXP075-001107,A,2025-01-19
EXP075-001108,B,2025-01-20
EXP075-001109,B,2025-01-20
EXP075-001110,B,2025-01-21
EXP075-001111,A,2025-01-21
EXP075-001112,B,2025-01-21
EXP075-001113,B,2025-01-22
EXP075-001114,A,2025-01-22
EXP075-001115,B,2025-01-22
EXP075-001116,A,2025-01-23
EXP075-001117,A,2025-01-23
EXP075-001118,B,2025-01-23
EXP075-001119,B,2025-01-24
EXP075-001120,B,2025-01-24
EXP075-001121,A,2025-01-24
EXP075-001122,B,2025-01-25
EXP075-001123,B,2025-01-25
EXP075-001124,B,2025-01-25
EXP075-001125,A,2025-01-26
EXP075-001126,B,2025-01-26
EXP075-001127,B,2025-01-26
EXP075-001128,A,2025-01-27
EXP075-001129,A,2025-01-27
EXP075-001130,A,2025-01-27
EXP075-001131,B,2025-01-28
EXP075-001132,B,2025-01-28
EXP075-001133,A,2025-01-29
EXP075-001134,A,2025-01-29
EXP075-001135,B,2025-01-29
EXP075-001136,A,2025-01-30
EXP075-001137,A,2025-01-30
EXP075-001138,B,2025-01-30
EXP075-001139,A,2025-01-31
EXP075-001140,B,2025-01-31
EXP075-001141,B,2025-01-31
EXP075-001142,A,2025-02-01
EXP075-001143,B,2025-02-01
EXP075-001144,B,2025-02-01
EXP075-001145,B,2025-02-02
EXP075-001146,A,2025-02-02
EXP075-001147,B,2025-02-02
EXP075-001148,B,2025-02-03
EXP075-001149,B,2025-02-03
EXP075-001150,A,2025-02-03
EXP075-001151,A,2025-02-04
EXP075-001152,A,2025-02-04
EXP075-001153,A,2025-02-05
EXP075-001154,A,2025-02-05
EXP075-001155,A,2025-02-05
EXP075-001156,B,2025-02-06
EXP075-001157,B,2025-02-06
EXP075-001158,A,2025-02-06
EXP075-001159,A,2025-02-07
EXP075-001160,A,2025-02-07
EXP075-001161,A,2025-02-07
EXP075-001162,A,2025-02-08
EXP075-001163,A,2025-02-08
EXP075-001164,B,2025-02-08
EXP075-001165,A,2025-02-09
EXP075-001166,A,2025-02-09
EXP075-001167,A,2025-02-09
EXP075-001168,A,2024-02-30
EXP075-001169,A,2025-02-10
EXP075-001170,A,2025-02-10
EXP075-001171,B,2025-02-11
EXP075-001172,B,2025-02-11
EXP075-001173,B,2025-02-11
EXP075-001174,B,2025-02-12
EXP075-001175,A,2025-02-12
EXP075-001176,A,2025-02-13
EXP075-001177,A,2025-02-13
EXP075-001178,B,2025-02-13
EXP075-001179,A,2025-02-14
EXP075-001180,B,2025-02-14
EXP075-001181,B,2025-02-14
EXP075-001182,B,2025-02-15
EXP075-001183,B,2025-02-15
EXP075-001184,B,2025-02-15
EXP075-001185,B,2025-02-16
EXP075-001186,B,2025-02-16
EXP075-001187,A,2025-02-16
EXP075-001188,B,2025-02-17
EXP075-001189,A,2025-02-17
EXP075-001190,A,2025-02-17
EXP075-001191,A,2025-02-18
EXP075-001192,B,2025-02-18
EXP075-001193,B,2025-02-18
EXP075-001194,A,2025-02-19
EXP075-001195,B,2025-02-19
EXP075-001196,A,2025-02-19
EXP075-001197,B,2025-02-20
EXP075-001198,B,2025-02-20
EXP075-001199,B,2025-02-21
EXP075-001200,B,2025-02-21
EXP075-001201,B,2025-02-21
EXP075-001202,A,2025-02-22
EXP075-001203,B,2025-02-22
EXP075-001204,A,2025-02-22
EXP075-001205,B,2025-02-23
EXP075-001206,A,2025-02-23
EXP075-001207,B,2025-02-23
EXP075-001208,B,2025-02-24
EXP075-001209,B,2025-02-24
EXP075-001210,B,2025-02-24
EXP075-001211,A,2025-02-25
EXP075-001212,B,2025-02-25
EXP075-001213,A,2025-02-25
EXP075-001214,A,2025-02-26
EXP075-001215,A,2025-02-26
EXP075-001216,B,2025-02-26
EXP075-001217,B,2025-02-27
EXP075-001218,B,2025-02-27
EXP075-001219,B,2025-02-27
EXP075-001220,A,2025-02-28
EXP075-001221,A,2025-02-28
EXP075-001222,B,2025-03-01
EXP075-001223,B,2025-03-01
EXP075-001224,B,2025-03-01
EXP075-001225,B,2025-03-02
EXP075-001226,A,2025-03-02
EXP075-001227,B,2025-03-02
EXP075-001228,A,2025-03-03
EXP075-001229,A,2025-03-03
EXP075-001230,A,2025-03-03
EXP075-001231,A,2025-03-04
EXP075-001232,B,2025-03-04
EXP075-001233,A,2025-03-04
EXP075-001234,B,2025-03-05
EXP075-001235,B,2025-03-05
EXP075-001236,B,2025-03-05
EXP075-001237,B,2025-03-06
EXP075-001238,B,2025-03-06
EXP075-001239,A,2025-03-06
EXP075-001240,A,2025-03-07
EXP075-001241,A,2025-03-07
EXP075-001242,B,2025-03-07
EXP075-001243,B,2025-03-08
EXP075-001244,A,2025-03-08
EXP075-001245,B,2025-03-09
EXP075-001246,B,2025-03-09
EXP075-001247,A,2025-03-09
EXP075-001248,B,2025-03-10
EXP075-001249,B,2025-03-10
EXP075-001250,B,2025-03-10
EXP075-001251,A,2025-03-11
EXP075-001252,A,2025-03-11
EXP075-001253,B,2025-03-11
EXP075-001254,B,2025-03-12
EXP075-001255,B,2025-03-12
EXP075-001256,A,2025-03-12
EXP075-001257,B,2025-03-13
EXP075-001258,A,2025-03-13
EXP075-001259,A,2025-03-13
EXP075-001260,B,2025-03-14
EXP075-001261,B,2025-03-14
EXP075-001262,B,2025-03-14
EXP075-001263,B,2025-03-15
EXP075-001264,A,2025-03-15
EXP075-001265,B,2025-03-15
EXP075-001266,A,2025-03-16
EXP075-001267,B,2025-03-16
EXP075-001268,A,2025-03-17
EXP075-001269,B,2025-03-17
EXP075-001270,B,2025-03-17
EXP075-001271,A,2025-03-18
EXP075-001272,B,2025-03-18
EXP075-001273,A,2025-03-18
EXP075-001274,A,2025-03-19
EXP075-001275,B,2025-03-19
EXP075-001276,B,2025-03-19
EXP075-001277,B,2025-03-20
EXP075-001278,B,2025-03-20
EXP075-001279,A,2025-03-20
EXP075-001280,A,2025-03-21
EXP075-001281,A,2025-03-21
EXP075-001282,A,2025-03-21
EXP075-001283,B,2025-03-22
EXP075-001284,B,2025-03-22
EXP075-001285,B,2025-03-22
EXP075-001286,A,2025-03-23
EXP075-001287,A,2025-03-23
EXP075-001288,B,2025-03-23
EXP075-001289,A,2025-03-24
EXP075-001290,B,2025-03-24
EXP075-001291,B,2025-03-25
EXP075-001292,B,2025-03-25
EXP075-001293,A,2025-03-25
EXP075-001294,B,2025-03-26
EXP075-001295,B,2025-03-26
EXP075-001296,B,2025-03-26
EXP075-001297,B,2025-03-27
EXP075-001298,B,2025-03-27
EXP075-001299,B,2025-03-27
EXP075-001300,A,2025-03-28
EXP075-001301,B,2025-03-28
EXP075-001302,A,2025-03-28
EXP075-001303,B,2025-03-29
EXP075-001304,A,2025-03-29
EXP075-001305,A,2025-03-29
EXP075-001306,B,2025-03-30
EXP075-001307,B,2025-03-30
EXP075-001308,B,2025-03-30
EXP075-001309,B,2025-03-31
EXP075-001310,B,2025-03-31
EXP075-001311,B,2025-04-01
EXP075-001312,B,2025-04-01
EXP075-001313,A,2025-04-01
EXP075-001314,B,2025-04-02
EXP075-001315,B,2025-04-02
EXP075-001316,A,2025-04-02
EXP075-001317,A,2025-04-03
EXP075-001318,A,2025-04-03
EXP075-001319,B,2025-04-03
EXP075-001320,A,2025-04-04
EXP075-001321,B,2025-04-04
EXP075-001322,A,2025-04-04
EXP075-001323,A,2025-04-05
EXP075-001324,A,2025-04-05
EXP075-001325,A,2025-04-05
EXP075-001326,A,2025-04-06
EXP075-001327,A,2025-04-06
EXP075-001328,B,2025-04-06
EXP075-001329,B,2025-04-07
EXP075-001330,A,2025-04-07
EXP075-001331,A,2025-04-07
EXP075-001332,A,2025-04-08
EXP075-001333,B,2025-04-08
EXP075-001334,A,2025-04-09
EXP075-001335,A,2025-04-09
EXP075-001336,A,2025-04-09
EXP075-001337,B,2025-04-10
EXP075-001338,A,2025-04-10
EXP075-001339,B,2025-04-10
EXP075-001340,B,2025-04-11
EXP075-001341,A,2025-04-11
EXP075-001342,B,2025-04-11
EXP075-001343,B,2025-04-12
EXP075-001344,A,2025-04-12
EXP075-001345,A,2025-04-12
EXP075-001346,B,2025-04-13
EXP075-001347,A,2025-04-13
EXP075-001348,A,2025-04-13
EXP075-001349,B,2025-04-14
EXP075-001350,A,2025-04-14
EXP075-001351,B,2025-04-14
EXP075-001352,B,2025-04-15
EXP075-001353,B,2025-04-15
EXP075-001354,B,2025-04-15
EXP075-001355,A,2025-04-16
EXP075-001356,A,2025-04-16
EXP075-001357,A,2025-04-17
EXP075-001358,B,2025-04-17
EXP075-001359,A,2025-04-17
EXP075-001360,B,2025-04-18
EXP075-001361,A,2025-04-18
EXP075-001362,A,2025-04-18
EXP075-001363,B,2025-04-19
EXP075-001364,A,2025-04-19
EXP075-001365,B,2025-04-19
EXP075-001366,B,2025-04-20
EXP075-001367,B,2025-04-20
EXP075-001368,A,2025-04-20
EXP075-001369,B,2025-04-21
EXP075-001370,A,2025-04-21
EXP075-001371,A,2025-04-21
EXP075-001372,B,2025-04-22
EXP075-001373,A,2025-04-22
EXP075-001374,A,2025-04-22
EXP075-001375,A,2025-04-23
EXP075-001376,A,2025-04-23
EXP075-001377,B,2025-04-23
EXP075-001378,A,2025-04-24
EXP075-001379,B,2025-04-24
EXP075-001380,B,2025-04-25
EXP075-001381,A,2025-04-25
EXP075-001382,B,2025-04-25
EXP075-001383,A,2025-04-26
EXP075-001384,B,2025-04-26
EXP075-001385,B,2025-04-26
EXP075-001386,A,2025-04-27
EXP075-001387,A,2025-04-27
EXP075-001388,B,2025-04-27
EXP075-001389,B,2025-04-28
EXP075-001390,A,2025-04-28
EXP075-001391,B,2025-04-28
EXP075-001392,B,2025-04-29
EXP075-001393,B,2025-04-29
EXP075-001394,B,2025-04-29
EXP075-001395,B,2025-04-30
EXP075-001396,A,2025-04-30
EXP075-001397,A,2025-04-30
EXP075-001398,B,2025-05-01
EXP075-001399,A,2025-05-01
EXP075-001400,A,2025-05-01
EXP075-001401,B,2025-05-02
EXP075-001402,A,2025-05-02
EXP075-001403,B,2025-05-03
EXP075-001404,A,2025-05-03
EXP075-001405,B,2025-05-03
EXP075-001406,A,2025-05-04
EXP075-001407,A,2025-05-04
EXP075-001408,A,2025-05-04
EXP075-001409,A,2025-05-05
EXP075-001410,B,2025-05-05
EXP075-001411,A,2025-05-05
EXP075-001412,A,2025-05-06
EXP075-001413,B,2025-05-06
EXP075-001414,B,2025-05-06
EXP075-001415,A,2025-05-07
EXP075-001416,B,2025-05-07
EXP075-001417,A,2025-05-07
EXP075-001418,A,2025-05-08
EXP075-001419,A,2025-05-08
EXP075-001420,B,2025-05-08
EXP075-001421,B,2025-05-09
EXP075-001422,B,2025-05-09
EXP075-001423,A,2025-05-09
EXP075-001424,B,2025-05-10
EXP075-001425,A,2025-05-10
EXP075-001426,B,2025-05-11
EXP075-001427,A,2025-05-11
EXP075-001428,A,2025-05-11
EXP075-001429,B,2025-05-12
EXP075-001430,A,2025-05-12
EXP075-001431,A,2025-05-12
EXP075-001432,A,2025-05-13
EXP075-001433,B,2025-05-13
EXP075-001434,B,2025-05-13
EXP075-001435,A,2025-05-14
EXP075-001436,A,2025-05-14
EXP075-001437,B,2025-05-14
EXP075-001438,A,2025-05-15
EXP075-001439,B,2025-05-15
EXP075-001440,A,2025-05-15
EXP075-001441,B,2025-05-16
EXP075-001442,B,2025-05-16
EXP075-001443,A,2025-05-16
EXP075-001444,A,2025-05-17
EXP075-001445,A,2025-05-17
EXP075-001446,B,2025-05-17
EXP075-001447,B,2025-05-18
EXP075-001448,B,2025-05-18
EXP075-001449,A,2025-05-19
EXP075-001450,B,2025-05-19
EXP075-001451,B,2025-05-19
EXP075-001452,A,2025-05-20
EXP075-001453,A,2025-05-20
EXP075-001454,A,2025-05-20
EXP075-001455,B,2025-05-21
EXP075-001456,A,2025-05-21
EXP075-001457,A,2025-05-21
EXP075-001458,A,2025-05-22
EXP075-001459,A,2025-05-22
EXP075-001460,A,2025-05-22
EXP075-001461,B,2025-05-23
EXP075-001462,A,2025-05-23
EXP075-001463,B,2025-05-23
EXP075-001464,A,2025-05-24
EXP075-001465,B,2025-05-24
EXP075-001466,A,2025-05-24
EXP075-001467,B,2025-05-25
EXP075-001468,B,2025-05-25
EXP075-001469,B,2025-05-26
EXP075-001470,B,2025-05-26
EXP075-001471,A,2025-05-26
EXP075-001472,A,2025-05-27
EXP075-001473,B,2025-05-27
EXP075-001474,B,2025-05-27
EXP075-001475,B,2025-05-28
EXP075-001476,A,2025-05-28
EXP075-001477,B,2025-05-28
EXP075-001478,A,2025-05-29
EXP075-001479,B,2025-05-29
EXP075-001480,B,2025-05-29
EXP075-001481,A,2025-05-30
EXP075-001482,A,2025-05-30
EXP075-001483,B,2025-05-30
EXP075-001484,A,2025-05-31
EXP075-001485,B,2025-05-31
EXP075-001486,A,2025-05-31
EXP075-001487,A,2025-06-01
EXP075-001488,B,2025-06-01
EXP075-001489,B,2025-06-01
EXP075-001490,A,2025-06-02
EXP075-001491,B,2025-06-02
EXP075-001492,B,2025-06-03
EXP075-001493,B,2025-06-03
EXP075-001494,B,2025-06-03
EXP075-001495,A,2025-06-04
EXP075-001496,B,2025-06-04
EXP075-001497,B,2025-06-04
EXP075-001498,A,2025-06-05
EXP075-001499,B,2025-06-05
EXP075-001500,A,2025-06-05
EXP075-001501,A,2025-06-06
EXP075-001502,A,2025-06-06
EXP075-001503,A,2025-06-06
EXP075-001504,B,2025-06-07
EXP075-001505,A,2025-06-07
EXP075-001506,A,2025-06-07
EXP075-001507,B,2025-06-08
EXP075-001508,A,2025-06-08
EXP075-001509,A,2025-06-08
EXP075-001510,B,2025-06-09
EXP075-001511,A,2025-06-09
EXP075-001512,B,2025-06-09
EXP075-001513,B,2025-06-10
EXP075-001514,A,2025-06-10
EXP075-001515,B,2025-06-11
EXP075-001516,B,2025-06-11
EXP075-001517,B,2025-06-11
EXP075-001518,A,2025-06-12
EXP075-001519,A,2025-06-12
EXP075-001520,B,2025-06-12
EXP075-001521,B,2025-06-13
EXP075-001522,A,2025-06-13
EXP075-001523,A,2025-06-13
EXP075-001524,A,2025-06-14
EXP075-001525,A,2025-06-14
EXP075-001526,A,2025-06-14
EXP075-001527,A,2025-06-15
EXP075-001528,B,2025-06-15
EXP075-001529,B,2025-06-15
EXP075-001530,A,2025-06-16
EXP075-001531,A,2025-06-16
EXP075-001532,B,2025-06-16
EXP075-001533,A,2025-06-17
EXP075-001534,B,2025-06-17
EXP075-001535,B,2025-06-17
EXP075-001536,A,2025-06-18
EXP075-001537,B,2025-06-18
EXP075-001538,A,2025-06-19
EXP075-001539,B,2025-06-19
EXP075-001540,B,2025-06-19
EXP075-001541,B,2025-06-20
EXP075-001542,A,2025-06-20
EXP075-001543,B,2025-06-20
EXP075-001544,A,2025-06-21
EXP075-001545,A,2025-06-21
EXP075-001546,A,2025-06-21
EXP075-001547,B,2025-06-22
EXP075-001548,A,2025-06-22
EXP075-001549,B,2025-06-22
EXP075-001550,A,2025-06-23
EXP075-001551,A,2025-06-23
EXP075-001552,A,2025-06-23
EXP075-001553,B,2025-06-24
EXP075-001554,B,2025-06-24
EXP075-001555,A,2025-06-24
EXP075-001556,B,2025-06-25
EXP075-001557,B,2024-02-30
EXP075-001558,A,2025-06-25
EXP075-001559,A,2025-06-26
EXP075-001560,A,2025-06-26
EXP075-001561,A,2025-06-27
EXP075-001562,A,2025-06-27
EXP075-001563,A,2025-06-27
EXP075-001564,A,2025-06-28
EXP075-001565,B,2025-06-28
EXP075-001566,B,2025-06-28
EXP075-001567,B,2025-06-29
EXP075-001568,A,2025-06-29
EXP075-001569,B,2025-06-29
EXP075-001570,A,2025-06-30
EXP075-001571,A,2025-06-30
EXP075-001572,B,2025-06-30
EXP075-001573,B,2025-07-01
EXP075-001574,A,2025-07-01
EXP075-001575,B,2025-07-01
EXP075-001576,B,2025-07-02
EXP075-001577,A,2025-07-02
EXP075-001578,A,2025-07-02
EXP075-001579,B,2025-07-03
EXP075-001580,A,2025-07-03
EXP075-001581,B,2025-07-03
EXP075-001582,B,2025-07-04
EXP075-001583,A,2025-07-04
EXP075-001584,B,2025-07-05
EXP075-001585,A,2025-07-05
EXP075-001586,A,2025-07-05
EXP075-001587,A,2025-07-06
EXP075-001588,A,2025-07-06
EXP075-001589,A,2025-07-06
EXP075-001590,B,2025-07-07
EXP075-001591,A,2025-07-07
EXP075-001592,B,2025-07-07
EXP075-001593,B,2025-07-08
EXP075-001594,A,2025-07-08
EXP075-001595,B,2025-07-08
EXP075-001596,B,2025-07-09
EXP075-001597,A,2025-07-09
EXP075-001598,A,2025-07-09
EXP075-001599,B,2025-07-10
EXP075-001600,B,2025-07-10
EXP075-001601,B,2025-07-10
EXP075-001602,B,2025-07-11
EXP075-001603,A,2025-07-11
EXP075-001604,A,2025-07-11
EXP075-001605,A,2025-07-12
EXP075-001606,A,2025-07-12
EXP075-001607,B,2025-07-13
EXP075-001608,A,2025-07-13
EXP075-001609,B,2025-07-13
EXP075-001610,B,2025-07-14
EXP075-001611,B,2025-07-14
EXP075-001612,B,2025-07-14
EXP075-001613,A,2025-07-15
EXP075-001614,B,2025-07-15
EXP075-001615,B,2025-07-15
EXP075-001616,B,2025-07-16
EXP075-001617,B,2025-07-16
EXP075-001618,A,2025-07-16
EXP075-001619,B,2025-07-17
EXP075-001620,A,2025-07-17
EXP075-001621,B,2025-07-17
EXP075-001622,B,2025-07-18
EXP075-001623,B,2025-07-18
EXP075-001624,B,2025-07-18
EXP075-001625,A,2025-07-19
EXP075-001626,B,2025-07-19
EXP075-001627,A,2025-07-20
EXP075-001628,A,2025-07-20
EXP075-001629,A,2025-07-20
EXP075-001630,B,2025-07-21
EXP075-001631,A,2025-07-21
EXP075-001632,A,2025-07-21
EXP075-001633,A,2025-07-22
EXP075-001634,B,2025-07-22
EXP075-001635,A,2025-07-22
EXP075-001636,B,2025-07-23
EXP075-001637,A,2025-07-23
EXP075-001638,B,2025-07-23
EXP075-001639,B,2025-07-24
EXP075-001640,B,2025-07-24
EXP075-001641,B,2025-07-24
EXP075-001642,B,2025-07-25
EXP075-001643,A,2025-07-25
EXP075-001644,B,2025-07-25
EXP075-001645,B,2025-07-26
EXP075-001646,B,2025-07-26
EXP075-001647,A,2025-07-26
EXP075-001648,B,2025-07-27
EXP075-001649,B,2025-07-27
EXP075-001650,A,2025-07-28
EXP075-001651,B,2025-07-28
EXP075-001652,A,2025-07-28
EXP075-001653,B,2025-07-29
EXP075-001654,B,2025-07-29
EXP075-001655,B,2025-07-29
EXP075-001656,B,2025-07-30
EXP075-001657,A,2025-07-30
EXP075-001658,B,2025-07-30
EXP075-001659,A,2025-07-31
EXP075-001660,A,2025-07-31
EXP075-001661,B,2025-07-31
EXP075-001662,A,2025-08-01
EXP075-001663,B,2025-08-01
EXP075-001664,A,2025-08-01
EXP075-001665,A,2025-08-02
EXP075-001666,B,2025-08-02
EXP075-001667,B,2025-08-02
EXP075-001668,A,2025-08-03
EXP075-001669,B,2025-08-03
EXP075-001670,B,2025-08-03
EXP075-001671,A,2025-08-04
EXP075-001672,B,2025-08-04
EXP075-001673,A,2025-08-05
EXP075-001674,A,2025-08-05
EXP075-001675,B,2025-08-05
EXP075-001676,A,2025-08-06
EXP075-001677,A,2025-08-06
EXP075-001678,A,2025-08-06
EXP075-001679,B,2025-08-07
EXP075-001680,A,2025-08-07
EXP075-001681,B,2025-08-07
EXP075-001682,B,2025-08-08
EXP075-001683,A,2025-08-08
EXP075-001684,A,2025-08-08
EXP075-001685,B,2025-08-09
EXP075-001686,A,2025-08-09
EXP075-001687,A,2025-08-09
EXP075-001688,A,2025-08-10
EXP075-001689,B,2025-08-10
EXP075-001690,A,2025-08-10
EXP075-001691,A,2025-08-11
EXP075-001692,A,2025-08-11
EXP075-001693,B,2025-08-11
EXP075-001694,A,2025-08-12
EXP075-001695,B,2025-08-12
EXP075-001696,A,2025-08-13
EXP075-001697,A,2025-08-13
EXP075-001698,B,2025-08-13
EXP075-001699,B,2025-08-14
EXP075-001700,B,2025-08-14
EXP075-001701,B,2025-08-14
EXP075-001702,A,2025-08-15
EXP075-001703,A,2025-08-15
EXP075-001704,B,2025-08-15
EXP075-001705,A,2025-08-16
EXP075-001706,A,2025-08-16
EXP075-001707,A,2025-08-16
EXP075-001708,B,2025-08-17
EXP075-001709,B,2025-08-17
EXP075-001710,A,2025-08-17
EXP075-001711,B,2025-08-18
EXP075-001712,A,2025-08-18
EXP075-001713,B,2025-08-18
EXP075-001714,B,2025-08-19
EXP075-001715,A,2025-08-19
EXP075-001716,A,2025-08-19
EXP075-001717,B,2025-08-20
EXP075-001718,A,2025-08-20
EXP075-001719,B,2025-08-21
EXP075-001720,A,2025-08-21
EXP075-001721,A,2025-08-21
EXP075-001722,B,2025-08-22
EXP075-001723,A,2025-08-22
EXP075-001724,B,2025-08-22
EXP075-001725,A,2025-08-23
EXP075-001726,B,2025-08-23
EXP075-001727,B,2025-08-23
EXP075-001728,B,2025-08-24
EXP075-001729,B,2025-08-24
EXP075-001730,B,2025-08-24
EXP075-001731,A,2025-08-25
EXP075-001732,B,2025-08-25
EXP075-001733,A,2025-08-25
EXP075-001734,B,2025-08-26
EXP075-001735,A,2025-08-26
EXP075-001736,B,2025-08-26
EXP075-001737,B,2025-08-27
EXP075-001738,A,2025-08-27
EXP075-001739,A,2025-08-27
EXP075-001740,B,2025-08-28
EXP075-001741,B,2025-08-28
EXP075-001742,A,2025-08-29
EXP075-001743,A,2025-08-29
EXP075-001744,B,2025-08-29
EXP075-001745,B,2025-08-30
EXP075-001746,B,2025-08-30
EXP075-001747,A,2025-08-30
EXP075-001748,A,2025-08-31
EXP075-001749,B,2025-08-31
EXP075-001750,B,2025-08-31
EXP075-001751,B,2025-09-01
EXP075-001752,A,2025-09-01
EXP075-001753,A,2025-09-01
EXP075-001754,B,2025-09-02
EXP075-001755,A,2025-09-02
EXP075-001756,B,2025-09-02
EXP075-001757,B,2025-09-03
EXP075-001758,A,2025-09-03
EXP075-001759,B,2025-09-03
EXP075-001760,A,2025-09-04
EXP075-001761,A,2025-09-04
EXP075-001762,A,2025-09-04
EXP075-001763,A,2025-09-05
EXP075-001764,A,2025-09-05
EXP075-001765,A,2025-09-06
EXP075-001766,A,2025-09-06
EXP075-001767,B,2025-09-06
EXP075-001768,A,2025-09-07
EXP075-001769,B,2025-09-07
EXP075-001770,A,2025-09-07
EXP075-001771,A,2025-09-08
EXP075-001772,B,2025-09-08
EXP075-001773,B,2025-09-08
EXP075-001774,A,2025-09-09
EXP075-001775,A,2025-09-09
EXP075-001776,A,2025-09-09
EXP075-001777,B,2025-09-10
EXP075-001778,B,2025-09-10
EXP075-001779,B,2025-09-10
EXP075-001780,B,2025-09-11
EXP075-001781,B,2025-09-11
EXP075-001782,A,2025-09-11
EXP075-001783,B,2025-09-12
EXP075-001784,A,2025-09-12
EXP075-001785,A,2025-09-13
EXP075-001786,A,2025-09-13
EXP075-001787,A,2025-09-13
EXP075-001788,B,2025-09-14
EXP075-001789,A,2025-09-14
EXP075-001790,A,2025-09-14
EXP075-001791,A,2025-09-15
EXP075-001792,A,2025-09-15
EXP075-001793,B,2025-09-15
EXP075-001794,A,2025-09-16
EXP075-001795,B,2025-09-16
EXP075-001796,B,2025-09-16
EXP075-001797,B,2025-09-17
EXP075-001798,A,2025-09-17
EXP075-001799,A,2025-09-17
EXP075-001800,A,2025-09-18
EXP075-001801,B,2025-09-18
EXP075-001802,B,2025-09-18
EXP075-001803,B,2025-09-19
EXP075-001804,A,2025-09-19
EXP075-001805,B,2025-09-19
EXP075-001806,A,2025-09-20
EXP075-001807,A,2025-09-20
EXP075-001808,A,2025-09-21
EXP075-001809,B,2025-09-21
EXP075-001810,B,2025-09-21
EXP075-001811,A,2025-09-22
EXP075-001812,A,2025-09-22
EXP075-001813,A,2025-09-22
EXP075-001814,B,2025-09-23
EXP075-001815,A,2025-09-23
EXP075-001816,A,2025-09-23
EXP075-001817,A,2025-09-24
EXP075-001818,A,2025-09-24
EXP075-001819,B,2025-09-24
EXP075-001820,B,2025-09-25
EXP075-001821,B,2025-09-25
EXP075-001822,B,2025-09-25
EXP075-001823,B,2025-09-26
EXP075-001824,B,2025-09-26
EXP075-001825,A,2025-09-26
EXP075-001826,B,2025-09-27
EXP075-001827,B,2025-09-27
EXP075-001828,B,2025-09-27
EXP075-001829,A,2025-09-28
EXP075-001830,B,2025-09-28
EXP075-001831,B,2025-09-29
EXP075-001832,A,2025-09-29
EXP075-001833,B,2025-09-29
EXP075-001834,A,2025-09-30
EXP075-001835,A,2025-09-30
EXP075-001836,A,2025-09-30
EXP075-001837,B,2025-10-01
EXP075-001838,A,2025-10-01
EXP075-001839,B,2025-10-01
EXP075-001840,B,2025-10-02
EXP075-001841,B,2025-10-02
EXP075-001842,B,2025-10-02
EXP075-001843,B,2025-10-03
EXP075-001844,A,2025-10-03
EXP075-001845,A,2025-10-03
EXP075-001846,A,2025-10-04
EXP075-001847,B,2025-10-04
EXP075-001848,B,2025-10-04
EXP075-001849,B,2025-10-05
EXP075-001850,B,2025-10-05
EXP075-001851,A,2025-10-05
EXP075-001852,A,2025-10-06
EXP075-001853,B,2025-10-06
EXP075-001854,B,2025-10-07
EXP075-001855,A,2025-10-07
EXP075-001856,B,2025-10-07
EXP075-001857,B,2025-10-08
EXP075-001858,A,2025-10-08
EXP075-001859,A,2025-10-08
EXP075-001860,B,2025-10-09
EXP075-001861,B,2025-10-09
EXP075-001862,A,2025-10-09
EXP075-001863,B,2025-10-10
EXP075-001864,B,2025-10-10
EXP075-001865,B,2025-10-10
EXP075-001866,A,2025-10-11
EXP075-001867,B,2025-10-11
EXP075-001868,B,2025-10-11
EXP075-001869,B,2025-10-12
EXP075-001870,A,2025-10-12
EXP075-001871,B,2025-10-12
EXP075-001872,B,2025-10-13
EXP075-001873,A,2025-10-13
EXP075-001874,A,2025-10-13
EXP075-001875,A,2025-10-14
EXP075-001876,A,2025-10-14
EXP075-001877,B,2025-10-15
EXP075-001878,A,2025-10-15
EXP075-001879,B,2025-10-15
EXP075-001880,A,2025-10-16
EXP075-001881,A,2025-10-16
EXP075-001882,A,2025-10-16
EXP075-001883,A,2025-10-17
EXP075-001884,B,2025-10-17
EXP075-001885,B,2025-10-17
EXP075-001886,A,2025-10-18
EXP075-001887,B,2025-10-18
EXP075-001888,A,2025-10-18
EXP075-001889,A,2025-10-19
EXP075-001890,A,2025-10-19
EXP075-001891,A,2025-10-19
EXP075-001892,A,2025-10-20
EXP075-001893,A,2025-10-20
EXP075-001894,A,2025-10-20
EXP075-001895,B,2025-10-21
EXP075-001896,A,2025-10-21
EXP075-001897,B,2025-10-21
EXP075-001898,A,2025-10-22
EXP075-001899,A,2025-10-22
EXP075-001900,B,2025-10-23
EXP075-001901,A,2025-10-23
EXP075-001902,B,2025-10-23
EXP075-001903,A,2025-10-24
EXP075-001904,B,2025-10-24
EXP075-001905,B,2025-10-24
EXP075-001906,B,2025-10-25
EXP075-001907,A,2025-10-25
EXP075-001908,A,2025-10-25
EXP075-001909,A,2025-10-26
EXP075-001910,B,2025-10-26
EXP075-001911,A,2025-10-26
EXP075-001912,B,2025-10-27
EXP075-001913,A,2025-10-27
EXP075-001914,B,2025-10-27
EXP075-001915,A,2025-10-28
EXP075-001916,B,2025-10-28
EXP075-001917,A,2025-10-28
EXP075-001918,A,2025-10-29
EXP075-001919,A,2025-10-29
EXP075-001920,B,2025-10-29
EXP075-001921,B,2025-10-30
EXP075-001922,B,2025-10-30
EXP075-001923,B,2025-10-31
EXP075-001924,A,2025-10-31
EXP075-001925,A,2025-10-31
EXP075-001926,B,2025-11-01
EXP075-001927,A,2025-11-01
EXP075-001928,A,2025-11-01
EXP075-001929,A,2025-11-02
EXP075-001930,A,2025-11-02
EXP075-001931,B,2025-11-02
EXP075-001932,B,2025-11-03
EXP075-001933,A,2025-11-03
EXP075-001934,A,2025-11-03
EXP075-001935,B,2025-11-04
EXP075-001936,A,2025-11-04
EXP075-001937,B,2025-11-04
EXP075-001938,B,2025-11-05
EXP075-001939,A,2025-11-05
EXP075-001940,A,2025-11-05
EXP075-001941,A,2025-11-06
EXP075-001942,A,2025-11-06
EXP075-001943,B,2025-11-07
EXP075-001944,B,2025-11-07
EXP075-001945,A,2025-11-07
EXP075-001946,B,2024-02-30
EXP075-001947,B,2025-11-08
EXP075-001948,B,2025-11-08
EXP075-001949,B,2025-11-09
EXP075-001950,A,2025-11-09
EXP075-001951,A,2025-11-09
EXP075-001952,B,2025-11-10
EXP075-001953,A,2025-11-10
EXP075-001954,A,2025-11-10
EXP075-001955,B,2025-11-11
EXP075-001956,B,2025-11-11
EXP075-001957,A,2025-11-11
EXP075-001958,B,2025-11-12
EXP075-001959,B,2025-11-12
EXP075-001960,B,2025-11-12
EXP075-001961,A,2025-11-13
EXP075-001962,A,2025-11-13
EXP075-001963,B,2025-11-13
EXP075-001964,A,2025-11-14
EXP075-001965,A,2025-11-14
EXP075-001966,A,2025-11-15
EXP075-001967,B,2025-11-15
EXP075-001968,B,2025-11-15
EXP075-001969,B,2025-11-16
EXP075-001970,B,2025-11-16
EXP075-001971,A,2025-11-16
EXP075-001972,A,2025-11-17
EXP075-001973,A,2025-11-17
EXP075-001974,A,2025-11-17
EXP075-001975,B,2025-11-18
EXP075-001976,A,2025-11-18
EXP075-001977,A,2025-11-18
EXP075-001978,A,2025-11-19
EXP075-001979,B,2025-11-19
EXP075-001980,B,2025-11-19
EXP075-001981,A,2025-11-20
EXP075-001982,B,2025-11-20
EXP075-001983,A,2025-11-20
EXP075-001984,A,2025-11-21
EXP075-001985,B,2025-11-21
EXP075-001986,A,2025-11-21
EXP075-001987,A,2025-11-22
EXP075-001988,B,2025-11-22
EXP075-001989,B,2025-11-23
EXP075-001990,B,2025-11-23
EXP075-001991,A,2025-11-23
EXP075-001992,A,2025-11-24
EXP075-001993,B,2025-11-24
EXP075-001994,A,2025-11-24
EXP075-001995,A,2025-11-25
EXP075-001996,A,2025-11-25
EXP075-001997,A,2025-11-25
EXP075-001998,A,2025-11-26
EXP075-001999,A,2025-11-26
EXP075-002000,B,2025-11-26
EXP075-002001,A,2025-11-27
EXP075-002002,A,2025-11-27
EXP075-002003,B,2025-11-27
EXP075-002004,B,2025-11-28
EXP075-002005,A,2025-11-28
EXP075-002006,B,2025-11-28
EXP075-002007,A,2025-11-29
EXP075-002008,B,2025-11-29
EXP075-002009,A,2025-11-29
EXP075-002010,B,2025-11-30
EXP075-002011,A,2025-11-30
EXP075-002012,B,2025-12-01
EXP075-002013,B,2025-12-01
EXP075-002014,B,2025-12-01
EXP075-002015,B,2025-12-02
EXP075-002016,B,2025-12-02
EXP075-002017,B,2025-12-02
EXP075-002018,B,2025-12-03
EXP075-002019,A,2025-12-03
EXP075-002020,B,2025-12-03
EXP075-002021,A,2025-12-04
EXP075-002022,A,2025-12-04
EXP075-002023,B,2025-12-04
EXP075-002024,A,2025-12-05
EXP075-002025,A,2025-12-05
EXP075-002026,B,2025-12-05
EXP075-002027,A,2025-12-06
EXP075-002028,A,2025-12-06
EXP075-002029,A,2025-12-06
EXP075-002030,A,2025-12-07
EXP075-002031,B,2025-12-07
EXP075-002032,A,2025-12-07
EXP075-002033,B,2025-12-08
EXP075-002034,A,2025-12-08
EXP075-002035,B,2025-12-09
EXP075-002036,B,2025-12-09
EXP075-002037,A,2025-12-09
EXP075-002038,A,2025-12-10
EXP075-002039,B,2025-12-10
EXP075-002040,A,2025-12-10
EXP075-002041,A,2025-12-11
EXP075-002042,A,2025-12-11
EXP075-002043,B,2025-12-11
EXP075-002044,B,2025-12-12
EXP075-002045,B,2025-12-12
EXP075-002046,A,2025-12-12
EXP075-002047,B,2025-12-13
EXP075-002048,B,2025-12-13
EXP075-002049,B,2025-12-13
EXP075-002050,A,2025-12-14
EXP075-002051,B,2025-12-14
EXP075-002052,A,2025-12-14
EXP075-002053,B,2025-12-15
EXP075-002054,B,2025-12-15
EXP075-002055,A,2025-12-15
EXP075-002056,B,2025-12-16
EXP075-002057,A,2025-12-16
EXP075-002058,A,2025-12-17
EXP075-002059,B,2025-12-17
EXP075-002060,A,2025-12-17
EXP075-002061,B,2025-12-18
EXP075-002062,B,2025-12-18
EXP075-002063,B,2025-12-18
EXP075-002064,A,2025-12-19
EXP075-002065,A,2025-12-19
EXP075-002066,A,2025-12-19
EXP075-002067,B,2025-12-20
EXP075-002068,B,2025-12-20
EXP075-002069,B,2025-12-20
EXP075-002070,B,2025-12-21
EXP075-002071,B,2025-12-21
EXP075-002072,A,2025-12-21
EXP075-002073,B,2025-12-22
EXP075-002074,A,2025-12-22
EXP075-002075,B,2025-12-22
EXP075-002076,A,2025-12-23
EXP075-002077,B,2025-12-23
EXP075-002078,B,2025-12-23
EXP075-002079,B,2025-12-24
EXP075-002080,A,2025-12-24
EXP075-002081,B,2025-12-25
EXP075-002082,B,2025-12-25
EXP075-002083,A,2025-12-25
EXP075-002084,A,2025-12-26
EXP075-002085,A,2025-12-26
EXP075-002086,A,2025-12-26
EXP075-002087,A,2025-12-27
EXP075-002088,A,2025-12-27
EXP075-002089,B,2025-12-27
EXP075-002090,A,2025-12-28
EXP075-002091,B,2025-12-28
EXP075-002092,A,2025-12-28
EXP075-002093,A,2025-12-29
EXP075-002094,B,2025-12-29
EXP075-002095,A,2025-12-29
EXP075-002096,A,2025-12-30
EXP075-002097,B,2025-12-30
EXP075-002098,A,2025-12-30
EXP075-002099,A,2025-12-31
EXP075-002100,B,2025-12-31
